id,Пол,Возраст,Зарплата,Рост
0,М,279,126,176
1,Ж,52,170,152
2,М,47,139,172
3,Ж,32,53,148
4,Ж,27,92,147
5,М,23,136,147
6,М,43,167,186
7,Ж,36,55,198
8,Ж,55,151,190
9,Ж,40,139,168
10,Ж,41,72,160
11,Ж,38,63,173
12,Ж,55,183,167
13,Ж,36,170,163
14,Ж,52,95,153
15,М,55,120,171
16,М,30,127,165
17,М,38,168,176
18,Ж,28,96,160
19,М,33,133,199
20,М,43,63,173
21,Ж,48,133,164
22,М,36,66,176
23,М,53,119,175
24,М,39,120,142
25,Ж,36,81,446
26,null,47,177,141
27,М,39,105,162
28,Ж,29,121,162
29,Ж,49,66,188
30,Ж,51,62,187
31,М,40,129,186
32,М,27,50,169
33,М,24,94,200
34,М,44,166,191
35,Ж,24,94,175
36,М,47,127,145
37,Ж,38,172,180
38,М,45,172,159
39,М,38,196,166
40,Ж,23,52,157
41,М,39,130,199
42,Ж,35,103,199
43,М,29,182,193
44,М,43,175,185
45,Ж,51,163,194
46,М,44,122,159
47,М,30,81,195
48,Ж,54,121,176
49,М,30,153,176
50,Ж,29,131,141
51,Ж,45,171,163
52,Ж,26,112,177
53,Ж,36,177,169
54,М,38,91,188
55,М,32,153,167
56,Ж,26,132,162
57,null,25,73,199
58,Ж,35,163,170
59,М,35,107,148
60,Ж,30,91,193
61,М,33,185,144
62,Ж,52,91,161
63,Ж,33,175,182
64,Ж,23,186,166
65,Ж,47,57,152
66,Ж,51,106,194
67,М,53,185,157
68,Ж,27,135,183
69,null,45,109,180
70,Ж,50,175,157
71,Ж,43,88,174
72,М,55,162,190
73,М,35,78,151
74,null,47,122,199
75,М,31,111,183
76,Ж,37,75,153
77,М,51,137,186
78,Ж,239,83,172
79,М,36,173,154
80,М,38,182,178
81,М,24,112,181
82,Ж,270,76,156
83,Ж,291,106,182
84,М,46,149,186
85,Ж,50,132,176
86,М,37,77,143
87,М,36,120,175
88,Ж,50,98,145
89,Ж,42,148,157
90,М,53,196,166
91,Ж,23,180,146
92,М,55,192,176
93,М,55,139,159
94,М,48,131,189
95,М,25,126,180
96,Ж,50,132,194
97,М,28,198,185
98,М,329,115,157
99,М,26,158,151
100,М,42,144,196
101,М,38,194,156
102,Ж,29,188,173
103,М,26,129,154
104,М,45,78,184
105,М,49,159,177
106,М,29,61,687
107,Ж,40,69,165
108,Ж,32,112,182
109,М,37,126,188
110,М,26,80,143
111,М,35,68,167
112,Ж,26,77,150
113,Ж,25,104,594
114,М,49,134,390
115,М,54,103,166
116,М,32,156,179
117,М,54,157,194
118,Ж,43,192,177
119,М,51,168,152
120,М,35,54,189
121,Ж,32,59,142
122,М,48,115,178
123,Ж,276,108,152
124,Ж,30,169,790
125,М,45,190,187
126,М,50,124,197
127,М,26,75,179
128,М,31,156,147
129,М,35,66,199
130,М,25,66,149
131,М,36,53,152
132,Ж,47,121,184
133,М,46,162,155
134,М,27,102,185
135,М,23,182,194
136,М,31,50,170
137,Ж,47,118,154
138,Ж,24,105,148
139,Ж,50,150,153
140,Ж,53,73,199
141,М,32,104,441
142,М,42,181,172
143,Ж,26,117,140
144,null,51,190,185
145,Ж,54,139,171
146,Ж,44,102,162
147,Ж,44,179,153
148,Ж,42,90,170
149,М,44,51,176
150,Ж,52,75,159
151,Ж,42,65,174
152,Ж,40,130,184
153,М,41,80,156
154,М,26,145,149
155,Ж,33,174,149
156,М,31,175,194
157,Ж,47,155,200
158,Ж,53,121,152
159,Ж,30,130,144
160,М,42,175,178
161,Ж,31,50,166
162,Ж,23,145,140
163,Ж,38,142,971
164,Ж,55,122,193
165,М,51,113,157
166,М,33,170,152
167,Ж,41,81,156
168,Ж,29,127,144
169,Ж,36,159,192
170,Ж,55,118,174
171,Ж,26,52,174
172,Ж,29,51,140
173,Ж,53,120,175
174,Ж,41,69,195
175,М,45,81,180
176,М,39,75,148
177,М,49,95,159
178,М,37,146,173
179,Ж,37,123,198
180,М,45,80,184
181,Ж,32,167,200
182,Ж,48,119,168
183,Ж,34,150,143
184,М,52,66,184
185,null,36,92,162
186,Ж,23,116,197
187,Ж,37,58,194
188,М,26,100,164
189,Ж,38,145,193
190,Ж,41,54,142
191,М,31,113,142
192,Ж,54,140,142
193,Ж,39,136,181
194,Ж,27,180,150
195,Ж,40,162,191
196,М,34,180,176
197,М,34,80,168
198,Ж,29,62,154
199,Ж,44,72,154
200,М,37,195,188
201,Ж,39,122,199
202,М,31,178,169
203,Ж,48,55,174
204,М,45,69,164
205,М,25,69,162
206,М,50,179,163
207,М,27,159,186
208,Ж,26,93,145
209,Ж,37,80,937
210,М,45,139,144
211,М,44,54,200
212,М,24,54,162
213,Ж,23,178,148
214,М,31,199,197
215,М,41,177,161
216,Ж,47,128,171
217,Ж,25,143,196
218,Ж,50,126,159
219,М,28,199,174
220,null,30,74,145
221,Ж,50,113,144
222,Ж,289,129,158
223,Ж,40,152,175
224,М,25,123,148
225,М,29,110,183
226,null,44,78,146
227,Ж,27,56,150
228,М,43,142,154
229,Ж,50,186,144
230,Ж,54,51,162
231,М,33,92,141
232,М,35,118,172
233,М,37,62,148
234,М,26,71,156
235,М,26,65,170
236,Ж,35,72,875
237,Ж,204,166,197
238,М,54,180,150
239,Ж,23,148,153
240,Ж,23,195,174
241,М,55,122,143
242,Ж,37,128,149
243,Ж,211,62,146
244,М,32,159,183
245,Ж,36,181,189
246,Ж,52,112,151
247,Ж,31,189,158
248,М,41,167,153
249,Ж,34,179,172
250,Ж,52,89,166
251,Ж,48,97,172
252,М,30,139,177
253,Ж,41,55,151
254,Ж,36,151,153
255,Ж,30,173,174
256,М,46,181,187
257,М,32,160,158
258,М,27,100,959
259,null,28,62,142
260,М,237,130,193
261,М,46,91,190
262,М,26,74,168
263,М,30,129,679
264,Ж,346,174,147
265,Ж,37,102,179
266,М,53,79,180
267,М,37,50,199
268,Ж,54,107,149
269,М,37,54,157
270,Ж,37,175,177
271,М,27,100,155
272,Ж,45,167,182
273,М,53,141,176
274,Ж,47,176,182
275,Ж,37,121,171
276,Ж,50,166,162
277,Ж,26,93,171
278,М,35,103,174
279,Ж,42,153,151
280,Ж,33,65,177
281,М,44,64,197
282,Ж,31,133,175
283,Ж,49,136,185
284,Ж,24,68,198
285,Ж,50,71,157
286,М,53,90,142
287,Ж,41,54,186
288,Ж,31,167,197
289,Ж,46,161,196
290,М,55,63,167
291,М,46,143,184
292,М,36,79,160
293,Ж,41,62,165
294,null,50,167,163
295,Ж,45,113,146
296,Ж,49,181,176
297,М,46,53,183
298,М,39,149,510
299,М,40,199,177
300,Ж,51,148,196
301,Ж,31,171,141
302,Ж,50,131,192
303,М,29,125,174
304,М,24,198,157
305,Ж,25,157,158
306,Ж,38,85,141
307,М,46,89,163
308,М,49,184,161
309,М,43,151,147
310,М,39,72,180
311,М,23,130,148
312,Ж,30,175,170
313,Ж,50,110,175
314,Ж,46,120,170
315,М,45,194,183
316,М,40,151,145
317,Ж,30,168,198
318,Ж,42,157,188
319,М,30,81,198
320,М,39,58,149
321,М,30,71,143
322,Ж,53,90,157
323,Ж,52,82,168
324,М,28,146,197
325,Ж,53,65,143
326,М,53,144,181
327,Ж,28,62,141
328,М,23,139,150
329,Ж,37,120,180
330,Ж,53,155,185
331,Ж,38,129,163
332,М,24,68,149
333,Ж,25,151,199
334,М,43,116,162
335,Ж,54,195,647
336,Ж,28,114,170
337,Ж,34,145,148
338,М,41,65,142
339,Ж,54,77,175
340,М,26,101,145
341,null,53,113,184
342,М,47,195,186
343,Ж,24,197,200
344,null,40,104,180
345,Ж,54,154,144
346,Ж,45,135,160
347,М,38,77,200
348,М,31,97,187
349,Ж,40,138,192
350,Ж,38,77,199
351,М,26,50,177
352,М,27,115,144
353,М,54,108,146
354,М,45,60,190
355,Ж,28,50,185
356,М,27,180,147
357,М,26,152,171
358,М,24,87,197
359,Ж,44,165,149
360,Ж,48,76,143
361,М,38,83,167
362,М,37,120,705
363,Ж,38,59,142
364,Ж,26,112,158
365,М,46,109,179
366,М,30,118,152
367,Ж,40,173,168
368,null,26,77,160
369,Ж,35,64,183
370,М,51,150,160
371,М,29,50,191
372,Ж,51,74,141
373,Ж,43,137,191
374,Ж,52,75,161
375,М,39,75,149
376,Ж,33,84,191
377,Ж,35,196,174
378,Ж,33,92,198
379,М,32,95,173
380,Ж,45,55,313
381,Ж,41,193,189
382,М,49,135,192
383,М,51,132,144
384,М,52,116,149
385,М,42,145,158
386,Ж,48,140,168
387,М,37,161,176
388,М,40,187,172
389,М,52,92,180
390,Ж,33,76,179
391,null,35,169,174
392,М,41,150,148
393,Ж,54,141,174
394,Ж,24,144,180
395,Ж,32,120,161
396,Ж,28,137,147
397,Ж,51,177,167
398,М,48,105,181
399,М,35,138,164
400,М,55,188,159
401,Ж,26,123,169
402,М,32,187,187
403,М,34,127,156
404,Ж,36,159,186
405,М,48,72,158
406,Ж,52,82,183
407,М,31,97,148
408,М,52,104,162
409,Ж,37,115,161
410,М,53,181,144
411,М,45,72,178
412,Ж,55,121,192
413,М,37,134,151
414,М,38,117,171
415,Ж,34,115,176
416,Ж,41,118,188
417,Ж,48,186,169
418,Ж,43,156,181
419,null,44,128,154
420,Ж,50,103,141
421,М,44,112,174
422,Ж,48,164,176
423,М,40,68,165
424,М,55,81,159
425,Ж,31,110,163
426,М,36,60,174
427,М,35,192,167
428,Ж,28,110,166
429,М,45,156,183
430,М,52,78,362
431,М,46,165,153
432,М,46,142,170
433,Ж,55,162,150
434,М,38,123,156
435,М,24,165,157
436,Ж,40,131,162
437,М,45,170,144
438,М,50,86,795
439,Ж,44,139,141
440,Ж,39,108,144
441,М,23,82,164
442,Ж,40,145,143
443,Ж,25,113,184
444,Ж,41,64,165
445,М,52,127,159
446,Ж,43,57,183
447,М,24,188,151
448,М,256,97,174
449,М,24,70,151
450,М,40,101,157
451,Ж,49,75,166
452,Ж,44,80,145
453,Ж,41,138,150
454,М,27,97,169
455,Ж,42,145,145
456,М,31,129,192
457,М,27,100,141
458,М,39,116,185
459,Ж,39,65,152
460,М,30,87,156
461,М,45,199,187
462,Ж,25,60,195
463,Ж,31,79,154
464,Ж,39,88,145
465,Ж,41,96,152
466,М,23,77,180
467,Ж,50,149,193
468,М,32,89,155
469,Ж,39,76,142
470,М,23,193,623
471,Ж,33,125,143
472,М,35,145,146
473,М,55,66,200
474,Ж,24,106,200
475,Ж,28,106,176
476,Ж,29,58,155
477,Ж,25,75,966
478,Ж,38,51,155
479,Ж,36,137,193
480,М,35,173,147
481,М,37,72,143
482,Ж,26,87,183
483,Ж,46,175,180
484,М,50,95,198
485,Ж,34,119,197
486,Ж,23,186,162
487,М,27,173,186
488,null,34,176,182
489,М,28,162,144
490,Ж,48,158,154
491,М,42,196,168
492,null,24,77,197
493,М,34,189,187
494,Ж,54,158,174
495,М,32,176,186
496,М,29,180,149
497,Ж,39,157,188
498,Ж,49,185,143
499,М,30,78,191
500,М,39,169,175
501,Ж,51,92,197
502,М,36,153,158
503,М,45,179,162
504,Ж,36,167,162
505,Ж,37,197,197
506,М,30,69,153
507,Ж,41,59,146
508,Ж,34,179,147
509,Ж,24,127,195
510,М,27,176,165
511,Ж,48,185,143
512,Ж,46,99,151
513,Ж,47,58,157
514,Ж,28,176,199
515,М,41,53,191
516,М,30,118,158
517,Ж,30,123,193
518,М,50,187,173
519,М,55,197,151
520,М,25,142,193
521,Ж,40,69,144
522,Ж,28,135,184
523,Ж,45,126,181
524,Ж,50,95,169
525,М,27,64,171
526,М,52,68,198
527,Ж,30,159,146
528,М,45,166,178
529,Ж,24,198,186
530,Ж,43,91,140
531,М,28,122,150
532,Ж,25,168,185
533,М,28,131,164
534,Ж,34,92,145
535,М,320,156,195
536,Ж,55,129,141
537,Ж,23,94,161
538,Ж,34,137,179
539,М,52,149,515
540,Ж,46,62,150
541,М,31,197,142
542,Ж,25,152,150
543,М,47,149,182
544,Ж,25,141,193
545,Ж,38,180,913
546,М,30,188,193
547,Ж,27,132,148
548,М,48,121,196
549,М,55,160,180
550,Ж,46,90,192
551,Ж,39,119,200
552,М,32,172,149
553,М,26,88,174
554,М,48,65,998
555,М,23,55,141
556,М,54,90,155
557,Ж,27,117,188
558,Ж,37,119,150
559,М,40,125,142
560,Ж,32,111,191
561,М,38,80,189
562,М,48,147,171
563,Ж,54,185,156
564,Ж,33,147,165
565,Ж,26,60,171
566,Ж,41,152,162
567,Ж,42,160,143
568,Ж,40,171,144
569,Ж,45,87,155
570,М,41,113,185
571,М,34,137,190
572,М,30,83,143
573,М,27,105,178
574,Ж,41,106,164
575,Ж,42,50,866
576,Ж,45,63,173
577,Ж,29,81,173
578,М,46,189,147
579,М,35,97,199
580,Ж,52,56,146
581,М,24,167,185
582,Ж,24,71,189
583,Ж,32,148,199
584,М,45,87,186
585,М,48,125,199
586,Ж,54,93,161
587,М,49,128,174
588,Ж,45,148,150
589,М,55,50,140
590,М,33,105,191
591,Ж,44,150,144
592,М,34,111,153
593,Ж,30,90,170
594,Ж,23,117,141
595,Ж,37,121,184
596,Ж,51,123,167
597,Ж,34,64,165
598,Ж,54,50,144
599,Ж,28,92,170
600,М,53,165,159
601,Ж,43,177,142
602,Ж,44,166,195
603,Ж,54,90,161
604,М,32,131,151
605,Ж,41,187,147
606,Ж,48,67,181
607,М,53,76,142
608,Ж,33,51,193
609,М,34,137,186
610,Ж,55,181,192
611,Ж,51,119,187
612,М,51,176,145
613,Ж,33,51,186
614,М,26,84,188
615,Ж,27,78,173
616,Ж,289,186,161
617,М,24,90,174
618,М,47,142,196
619,М,49,176,574
620,М,45,187,197
621,Ж,48,73,176
622,Ж,27,145,190
623,М,24,109,143
624,Ж,27,129,150
625,Ж,55,98,176
626,Ж,25,117,170
627,М,25,164,160
628,М,42,195,200
629,Ж,46,74,150
630,Ж,37,129,195
631,Ж,51,150,140
632,Ж,25,60,176
633,М,30,96,195
634,М,31,105,189
635,Ж,53,63,191
636,М,27,86,144
637,М,51,125,194
638,М,28,164,177
639,Ж,46,111,156
640,М,31,122,191
641,М,31,190,172
642,Ж,42,57,187
643,null,30,94,196
644,Ж,54,157,199
645,Ж,38,191,179
646,Ж,24,123,157
647,М,30,193,183
648,М,49,187,145
649,М,27,150,184
650,Ж,40,135,150
651,Ж,40,170,183
652,М,25,80,163
653,М,47,50,154
654,Ж,50,140,156
655,М,31,143,164
656,Ж,40,159,200
657,М,26,193,184
658,Ж,39,56,144
659,Ж,29,181,149
660,М,41,64,174
661,Ж,49,106,177
662,М,26,97,196
663,М,26,65,146
664,М,50,114,774
665,Ж,27,155,199
666,М,36,94,192
667,М,38,160,156
668,Ж,25,155,171
669,null,34,170,150
670,Ж,25,139,172
671,Ж,51,154,181
672,Ж,50,118,190
673,Ж,43,97,196
674,М,33,57,189
675,Ж,39,91,147
676,Ж,44,100,190
677,М,49,80,540
678,М,49,168,144
679,М,54,72,174
680,Ж,35,190,141
681,Ж,55,56,186
682,null,53,152,185
683,Ж,52,108,170
684,М,35,156,179
685,Ж,30,146,154
686,М,40,178,159
687,Ж,213,175,162
688,М,35,87,163
689,М,51,51,146
690,Ж,40,73,171
691,Ж,29,126,197
692,М,52,127,160
693,М,50,167,185
694,Ж,54,74,911
695,Ж,26,94,190
696,Ж,291,190,156
697,М,32,133,192
698,Ж,35,50,199
699,Ж,46,141,157
700,Ж,51,127,147
701,Ж,32,188,161
702,М,30,111,144
703,М,49,61,182
704,Ж,48,159,192
705,М,26,118,188
706,Ж,25,114,189
707,М,261,120,182
708,М,45,147,191
709,Ж,48,84,182
710,Ж,51,69,195
711,М,324,192,171
712,М,27,107,179
713,М,25,190,160
714,М,24,190,145
715,Ж,40,93,756
716,М,55,93,196
717,Ж,52,127,192
718,М,314,133,142
719,Ж,28,67,172
720,М,44,190,188
721,М,53,135,187
722,М,39,81,192
723,М,40,185,186
724,Ж,35,95,140
725,Ж,26,96,181
726,М,36,163,169
727,М,26,114,150
728,М,27,104,168
729,Ж,23,156,187
730,Ж,34,182,152
731,Ж,46,87,974
732,М,39,98,161
733,М,50,58,171
734,М,31,154,188
735,М,53,170,143
736,М,42,76,200
737,Ж,30,55,144
738,М,43,174,183
739,Ж,39,146,185
740,М,43,63,141
741,М,28,190,165
742,М,54,50,193
743,М,41,155,198
744,М,34,115,142
745,М,23,149,146
746,М,35,69,188
747,М,43,142,170
748,Ж,48,70,189
749,М,42,168,175
750,Ж,40,163,171
751,Ж,31,55,184
752,М,51,184,158
753,М,34,77,187
754,Ж,45,106,163
755,Ж,26,78,182
756,М,51,99,192
757,М,46,83,143
758,Ж,54,54,153
759,Ж,37,135,163
760,М,51,50,191
761,М,26,193,196
762,М,47,188,177
763,Ж,51,121,141
764,М,47,154,145
765,Ж,39,116,142
766,null,30,137,141
767,Ж,28,77,171
768,М,210,86,188
769,Ж,53,67,198
770,Ж,42,200,176
771,Ж,31,62,177
772,Ж,51,169,176
773,М,54,152,181
774,М,49,111,153
775,М,43,191,161
776,Ж,49,54,151
777,М,55,82,174
778,Ж,44,153,192
779,М,51,93,185
780,Ж,54,99,168
781,Ж,34,164,152
782,Ж,29,134,198
783,Ж,49,126,150
784,М,49,50,155
785,М,31,99,152
786,null,23,132,150
787,М,41,76,196
788,Ж,47,175,190
789,Ж,30,108,155
790,Ж,31,60,192
791,М,262,67,166
792,Ж,52,143,165
793,М,36,182,141
794,Ж,37,184,179
795,М,24,175,166
796,Ж,40,188,155
797,Ж,27,152,190
798,М,36,55,176
799,М,49,188,162
800,Ж,36,73,175
801,М,51,197,172
802,Ж,26,111,158
803,Ж,28,189,155
804,Ж,33,198,200
805,М,38,155,174
806,Ж,28,61,302
807,М,31,159,152
808,Ж,51,156,189
809,Ж,25,55,151
810,Ж,33,57,189
811,М,51,183,150
812,М,31,81,177
813,М,30,185,187
814,М,51,164,171
815,Ж,42,64,170
816,Ж,42,81,159
817,М,51,51,147
818,Ж,26,175,190
819,Ж,27,171,181
820,М,24,83,172
821,М,51,129,188
822,М,51,53,198
823,null,41,154,199
824,Ж,30,153,186
825,Ж,46,171,182
826,Ж,40,110,160
827,М,32,176,175
828,М,26,182,178
829,М,308,105,146
830,Ж,43,56,166
831,М,52,57,160
832,Ж,42,70,183
833,Ж,51,83,165
834,М,53,114,198
835,Ж,47,120,142
836,М,332,200,146
837,Ж,51,192,157
838,Ж,48,75,991
839,Ж,29,105,148
840,Ж,26,86,191
841,Ж,40,154,156
842,М,28,173,176
843,Ж,55,62,146
844,М,46,117,145
845,Ж,29,141,179
846,Ж,39,50,162
847,М,27,134,190
848,М,33,71,158
849,Ж,50,133,146
850,Ж,55,158,175
851,Ж,216,145,154
852,М,201,119,183
853,Ж,34,88,187
854,Ж,54,99,193
855,Ж,25,174,194
856,М,35,102,511
857,Ж,230,158,186
858,Ж,48,140,178
859,М,31,182,149
860,М,32,117,188
861,Ж,29,125,185
862,М,45,191,155
863,Ж,38,145,176
864,Ж,47,59,153
865,М,31,186,191
866,М,46,193,156
867,Ж,54,100,147
868,Ж,54,197,180
869,Ж,54,129,199
870,Ж,294,150,142
871,Ж,28,60,146
872,Ж,40,197,183
873,Ж,38,126,193
874,Ж,46,122,200
875,Ж,39,131,158
876,Ж,36,101,143
877,Ж,24,109,179
878,М,47,150,191
879,Ж,51,178,169
880,Ж,53,62,182
881,М,25,191,188
882,М,40,65,171
883,Ж,53,154,183
884,М,33,114,146
885,М,48,170,965
886,М,23,187,183
887,Ж,55,173,165
888,Ж,45,156,142
889,null,30,117,148
890,М,44,135,144
891,Ж,32,118,145
892,Ж,41,143,141
893,Ж,48,136,180
894,М,343,148,145
895,М,34,164,184
896,М,28,136,154
897,М,48,126,196
898,Ж,39,137,639
899,М,29,111,155
900,М,50,195,169
901,Ж,324,159,167
902,М,50,188,183
903,Ж,41,145,188
904,Ж,45,186,185
905,М,36,105,464
906,М,44,102,186
907,Ж,33,105,157
908,Ж,41,132,147
909,Ж,45,149,149
910,М,50,110,189
911,М,54,193,146
912,Ж,37,121,175
913,М,55,188,199
914,Ж,28,133,173
915,Ж,230,153,182
916,Ж,48,77,140
917,М,23,114,165
918,М,45,73,169
919,Ж,27,128,196
920,Ж,40,104,165
921,М,25,69,184
922,null,38,189,148
923,Ж,39,85,169
924,М,39,78,191
925,М,42,53,163
926,Ж,35,98,140
927,М,43,174,149
928,М,35,150,197
929,Ж,46,103,200
930,Ж,39,165,178
931,Ж,43,131,188
932,Ж,39,164,156
933,М,30,77,177
934,М,43,175,183
935,Ж,34,66,178
936,М,44,94,161
937,Ж,55,180,178
938,М,55,69,173
939,М,38,87,143
940,null,49,148,193
941,Ж,55,101,186
942,Ж,45,106,158
943,Ж,39,139,162
944,Ж,32,91,168
945,Ж,29,74,166
946,М,28,118,175
947,Ж,35,54,155
948,М,37,104,194
949,М,41,132,147
950,Ж,33,65,175
951,Ж,50,57,167
952,Ж,52,85,185
953,М,29,143,146
954,М,39,179,146
955,Ж,50,100,157
956,Ж,28,178,186
957,Ж,44,58,152
958,М,40,51,143
959,Ж,49,126,198
960,М,44,111,184
961,Ж,50,73,181
962,Ж,54,56,168
963,М,26,184,189
964,Ж,54,155,163
965,М,50,139,140
966,М,33,187,179
967,Ж,26,186,150
968,Ж,55,74,145
969,Ж,24,167,198
970,М,23,176,154
971,Ж,24,176,187
972,Ж,53,137,150
973,М,47,150,198
974,Ж,28,174,161
975,М,46,55,174
976,М,46,81,165
977,Ж,26,171,178
978,Ж,55,94,191
979,Ж,47,165,193
980,Ж,28,141,158
981,Ж,45,113,731
982,Ж,30,104,194
983,М,35,174,145
984,М,29,157,180
985,Ж,218,98,188
986,Ж,54,73,196
987,М,24,93,188
988,М,35,58,170
989,Ж,342,173,177
990,М,29,166,159
991,М,32,70,159
992,Ж,49,99,534
993,Ж,41,153,194
994,Ж,36,154,186
995,Ж,49,189,162
996,М,51,159,144
997,М,34,81,160
998,М,32,56,200
999,М,31,121,187
1000,Ж,26,58,192
1001,М,47,186,154
1002,М,227,50,168
1003,Ж,46,200,168
1004,М,29,157,160
1005,М,25,76,143
1006,М,54,192,198
1007,М,26,117,176
1008,М,43,156,182
1009,Ж,46,68,155
1010,Ж,45,179,157
1011,М,32,199,145
1012,М,47,91,185
1013,Ж,37,114,164
1014,М,35,132,174
1015,Ж,24,118,145
1016,Ж,51,132,180
1017,М,28,79,192
1018,Ж,29,70,152
1019,Ж,53,160,178
1020,Ж,26,149,182
1021,М,42,135,197
1022,Ж,39,70,191
1023,М,44,175,177
1024,Ж,28,75,159
1025,Ж,42,76,199
1026,Ж,27,125,145
1027,М,201,75,167
1028,М,27,107,182
1029,М,36,180,150
1030,М,49,87,490
1031,Ж,39,129,176
1032,Ж,38,50,176
1033,М,43,69,160
1034,М,27,84,144
1035,Ж,43,178,163
1036,Ж,27,196,181
1037,М,25,86,193
1038,Ж,47,179,171
1039,М,38,170,164
1040,М,39,121,163
1041,М,55,159,175
1042,Ж,55,144,157
1043,М,25,130,159
1044,М,53,161,182
1045,М,41,84,151
1046,М,50,100,164
1047,Ж,23,108,152
1048,Ж,36,153,154
1049,Ж,26,157,173
1050,М,39,62,197
1051,М,37,188,198
1052,М,50,107,170
1053,Ж,26,161,199
1054,М,52,76,149
1055,Ж,23,142,184
1056,Ж,29,113,151
1057,Ж,54,100,159
1058,null,34,82,150
1059,Ж,44,124,172
1060,null,28,69,183
1061,М,52,185,162
1062,Ж,48,76,164
1063,М,44,199,144
1064,Ж,44,155,198
1065,Ж,33,117,191
1066,М,23,133,167
1067,М,53,144,150
1068,Ж,55,84,175
1069,Ж,42,128,166
1070,М,260,164,163
1071,Ж,35,114,188
1072,М,31,81,170
1073,Ж,29,169,176
1074,Ж,43,87,140
1075,М,51,134,170
1076,Ж,47,105,164
1077,Ж,40,72,144
1078,М,55,98,196
1079,null,32,167,171
1080,Ж,31,181,174
1081,Ж,43,157,191
1082,Ж,30,172,189
1083,Ж,54,187,180
1084,Ж,25,62,156
1085,Ж,46,193,183
1086,М,37,53,143
1087,М,35,116,184
1088,Ж,50,164,609
1089,Ж,30,160,177
1090,М,54,150,140
1091,М,235,99,177
1092,М,50,97,161
1093,М,53,112,168
1094,Ж,37,154,141
1095,Ж,45,106,151
1096,М,40,121,193
1097,Ж,40,135,178
1098,Ж,52,114,159
1099,Ж,272,160,168
1100,М,208,161,156
1101,М,49,89,175
1102,М,28,126,198
1103,Ж,49,187,185
1104,М,30,78,187
1105,Ж,34,67,177
1106,Ж,53,62,160
1107,Ж,34,60,178
1108,М,41,146,196
1109,М,36,71,167
1110,Ж,351,172,164
1111,Ж,44,92,176
1112,Ж,23,181,165
1113,Ж,46,96,179
1114,Ж,32,51,143
1115,М,50,53,170
1116,Ж,49,112,181
1117,Ж,30,66,164
1118,Ж,37,186,143
1119,Ж,23,141,149
1120,М,34,69,193
1121,М,28,160,194
1122,Ж,51,94,184
1123,null,29,138,161
1124,М,24,177,143
1125,Ж,32,162,180
1126,Ж,25,135,169
1127,М,53,112,169
1128,М,47,103,149
1129,М,39,77,169
1130,Ж,35,151,154
1131,Ж,35,122,142
1132,М,39,93,156
1133,М,35,170,189
1134,М,30,141,164
1135,М,55,118,195
1136,Ж,45,196,144
1137,Ж,48,81,152
1138,М,34,178,158
1139,Ж,24,151,154
1140,Ж,37,134,168
1141,Ж,35,70,188
1142,М,271,52,148
1143,Ж,39,163,169
1144,null,25,113,152
1145,М,36,67,191
1146,Ж,43,59,150
1147,Ж,291,112,163
1148,М,36,139,180
1149,М,45,195,173
1150,М,49,171,520
1151,М,30,81,185
1152,Ж,34,190,158
1153,М,27,111,151
1154,М,52,75,174
1155,Ж,52,127,148
1156,М,49,197,197
1157,М,35,163,178
1158,М,42,97,200
1159,М,52,185,178
1160,М,54,146,169
1161,М,32,100,141
1162,М,54,149,200
1163,М,35,184,149
1164,М,45,147,191
1165,Ж,54,87,182
1166,Ж,30,56,142
1167,М,50,188,198
1168,М,49,59,182
1169,Ж,45,148,146
1170,Ж,23,53,145
1171,М,53,67,150
1172,М,28,139,148
1173,Ж,55,106,141
1174,М,54,150,145
1175,Ж,27,101,156
1176,Ж,27,141,192
1177,Ж,42,182,342
1178,М,55,112,151
1179,Ж,25,158,140
1180,Ж,33,165,165
1181,Ж,31,158,180
1182,М,48,133,186
1183,Ж,38,95,141
1184,М,40,89,175
1185,М,50,181,183
1186,М,47,128,141
1187,Ж,31,63,175
1188,Ж,29,76,197
1189,М,316,81,195
1190,М,31,118,141
1191,Ж,34,149,153
1192,Ж,46,170,186
1193,М,27,64,183
1194,Ж,24,108,199
1195,Ж,38,58,174
1196,Ж,52,119,170
1197,М,53,172,160
1198,М,36,50,144
1199,null,38,78,170
1200,М,44,163,350
1201,М,43,180,145
1202,Ж,26,147,199
1203,М,36,106,181
1204,Ж,31,164,200
1205,М,28,145,173
1206,М,48,199,178
1207,Ж,36,104,198
1208,М,29,78,166
1209,null,47,172,195
1210,М,41,129,156
1211,Ж,50,117,175
1212,Ж,33,61,154
1213,М,27,84,198
1214,Ж,34,142,883
1215,null,41,147,184
1216,М,39,100,152
1217,Ж,42,148,170
1218,М,23,177,188
1219,М,51,190,182
1220,null,33,122,143
1221,М,28,200,190
1222,Ж,23,116,192
1223,М,23,167,151
1224,М,31,123,189
1225,Ж,32,152,191
1226,Ж,24,198,194
1227,null,35,192,150
1228,Ж,49,197,175
1229,М,37,114,848
1230,М,29,156,154
1231,М,31,73,168
1232,М,27,101,143
1233,М,41,139,398
1234,Ж,50,141,173
1235,М,44,97,175
1236,Ж,30,57,191
1237,Ж,36,169,156
1238,Ж,24,151,170
1239,Ж,50,169,200
1240,Ж,49,181,188
1241,М,53,55,638
1242,Ж,52,60,181
1243,М,33,98,197
1244,Ж,50,99,177
1245,Ж,30,189,176
1246,М,51,164,172
1247,М,30,53,150
1248,М,53,83,182
1249,Ж,29,59,147
1250,null,48,69,145
1251,Ж,33,138,146
1252,Ж,27,86,179
1253,М,47,112,150
1254,Ж,34,85,166
1255,Ж,47,196,182
1256,М,275,138,142
1257,М,47,184,176
1258,М,34,58,153
1259,Ж,26,148,161
1260,Ж,39,199,188
1261,Ж,44,68,167
1262,М,36,155,148
1263,М,52,70,148
1264,Ж,29,164,163
1265,М,29,112,168
1266,Ж,34,128,170
1267,М,42,75,162
1268,Ж,42,132,143
1269,М,45,119,189
1270,М,44,180,188
1271,Ж,51,191,164
1272,М,31,188,145
1273,М,23,158,185
1274,Ж,32,94,180
1275,Ж,45,119,147
1276,Ж,24,160,150
1277,М,41,197,160
1278,М,53,199,162
1279,Ж,34,72,189
1280,М,33,103,154
1281,Ж,37,87,170
1282,М,30,70,181
1283,Ж,26,63,154
1284,Ж,54,152,171
1285,М,51,159,176
1286,М,23,70,154
1287,М,43,96,190
1288,М,55,69,155
1289,Ж,36,157,160
1290,М,28,186,176
1291,Ж,28,57,160
1292,М,40,187,182
1293,М,33,69,145
1294,М,48,100,181
1295,М,315,107,187
1296,Ж,30,100,177
1297,М,47,177,166
1298,М,33,68,190
1299,Ж,43,111,190
1300,М,47,166,186
1301,М,24,78,179
1302,Ж,47,92,181
1303,М,29,102,162
1304,М,27,128,175
1305,Ж,34,110,163
1306,М,34,184,168
1307,Ж,52,93,177
1308,М,30,109,193
1309,М,30,105,153
1310,Ж,28,131,144
1311,Ж,51,162,147
1312,Ж,35,61,142
1313,М,36,132,150
1314,М,49,54,157
1315,null,42,143,168
1316,Ж,46,54,197
1317,Ж,33,165,161
1318,М,35,181,189
1319,М,52,96,195
1320,М,40,65,187
1321,М,47,68,197
1322,М,39,188,200
1323,М,48,142,158
1324,М,38,101,192
1325,М,53,108,175
1326,М,50,181,153
1327,М,35,112,175
1328,null,42,195,140
1329,Ж,48,152,190
1330,М,54,174,149
1331,Ж,55,102,152
1332,М,55,124,164
1333,Ж,39,135,184
1334,Ж,35,116,196
1335,Ж,53,105,154
1336,Ж,25,146,149
1337,Ж,27,125,162
1338,Ж,39,81,171
1339,М,24,94,168
1340,М,36,173,155
1341,Ж,47,183,311
1342,Ж,31,124,178
1343,М,24,188,162
1344,М,37,126,176
1345,Ж,30,137,778
1346,М,47,162,143
1347,М,45,148,166
1348,М,49,151,179
1349,М,37,109,185
1350,Ж,52,109,188
1351,Ж,40,139,182
1352,Ж,48,133,155
1353,Ж,26,55,144
1354,М,53,177,140
1355,Ж,27,156,152
1356,М,34,96,198
1357,М,44,95,175
1358,М,55,170,176
1359,М,35,123,200
1360,Ж,25,94,172
1361,Ж,29,107,162
1362,М,40,188,145
1363,Ж,28,175,169
1364,М,49,163,157
1365,М,28,138,169
1366,Ж,54,190,170
1367,М,41,144,161
1368,Ж,30,108,146
1369,Ж,27,87,172
1370,Ж,36,110,141
1371,Ж,30,93,142
1372,М,33,153,166
1373,Ж,33,139,192
1374,М,323,85,161
1375,М,35,160,193
1376,М,47,140,148
1377,М,33,96,169
1378,Ж,51,183,149
1379,Ж,47,177,143
1380,М,33,171,173
1381,Ж,53,87,189
1382,Ж,45,112,168
1383,Ж,26,158,162
1384,Ж,53,103,174
1385,М,28,196,147
1386,Ж,39,117,158
1387,Ж,31,164,175
1388,М,28,94,173
1389,Ж,33,109,181
1390,М,44,170,171
1391,М,55,140,185
1392,Ж,49,125,173
1393,М,55,72,189
1394,М,24,195,144
1395,Ж,48,165,160
1396,М,44,160,144
1397,М,40,181,161
1398,Ж,44,111,193
1399,М,43,153,142
1400,М,25,190,144
1401,Ж,27,138,145
1402,Ж,53,144,177
1403,М,49,171,143
1404,Ж,49,61,142
1405,Ж,51,154,177
1406,Ж,47,167,194
1407,Ж,30,73,171
1408,М,27,139,188
1409,М,45,132,197
1410,М,44,189,144
1411,М,51,153,163
1412,Ж,35,164,165
1413,Ж,54,168,175
1414,Ж,37,64,148
1415,М,35,94,187
1416,М,24,184,174
1417,М,42,119,170
1418,null,32,134,190
1419,Ж,34,192,163
1420,М,41,112,178
1421,Ж,44,66,185
1422,Ж,43,98,175
1423,Ж,32,105,153
1424,Ж,46,200,191
1425,Ж,26,59,161
1426,М,48,197,153
1427,М,41,154,184
1428,М,40,51,144
1429,М,47,75,159
1430,М,34,82,176
1431,null,24,146,163
1432,М,337,195,151
1433,М,49,90,196
1434,М,26,197,177
1435,М,37,96,180
1436,Ж,40,105,568
1437,Ж,29,160,174
1438,М,45,134,163
1439,М,47,139,184
1440,М,53,77,165
1441,М,40,182,164
1442,М,36,56,192
1443,Ж,49,133,176
1444,М,44,94,192
1445,Ж,37,63,183
1446,Ж,26,136,154
1447,Ж,39,50,170
1448,М,38,100,163
1449,М,30,188,187
1450,М,46,138,183
1451,Ж,32,189,176
1452,М,45,153,173
1453,Ж,52,81,160
1454,М,49,131,166
1455,М,40,181,147
1456,М,36,115,194
1457,М,50,65,141
1458,Ж,29,192,172
1459,Ж,26,185,179
1460,Ж,43,145,166
1461,Ж,36,75,173
1462,М,47,131,169
1463,Ж,55,197,153
1464,М,54,94,185
1465,Ж,52,77,151
1466,М,46,154,198
1467,М,27,199,195
1468,Ж,34,171,153
1469,М,28,191,147
1470,Ж,43,191,196
1471,М,29,98,195
1472,Ж,49,61,196
1473,М,33,87,177
1474,М,44,59,174
1475,М,49,137,200
1476,Ж,25,87,168
1477,Ж,52,127,197
1478,М,51,108,162
1479,Ж,54,71,163
1480,М,53,81,188
1481,М,47,99,194
1482,Ж,26,79,160
1483,Ж,27,58,177
1484,null,46,155,167
1485,М,36,161,198
1486,М,26,118,147
1487,М,29,110,153
1488,М,54,85,192
1489,М,33,81,195
1490,М,43,175,179
1491,Ж,48,109,150
1492,М,45,166,152
1493,М,38,121,175
1494,Ж,29,78,183
1495,Ж,52,120,170
1496,Ж,26,92,194
1497,Ж,26,53,193
1498,М,32,105,184
1499,М,54,156,168
1500,Ж,33,92,193
1501,Ж,36,156,173
1502,М,41,160,147
1503,Ж,333,71,188
1504,Ж,51,184,148
1505,М,53,112,155
1506,Ж,29,51,142
1507,М,42,67,178
1508,М,49,182,165
1509,Ж,44,108,164
1510,Ж,36,92,173
1511,Ж,50,180,173
1512,Ж,24,141,177
1513,М,25,55,178
1514,Ж,49,162,200
1515,М,38,138,169
1516,М,40,188,191
1517,Ж,40,199,191
1518,М,26,196,165
1519,М,34,110,140
1520,М,42,57,179
1521,М,45,145,167
1522,Ж,32,198,176
1523,null,40,97,149
1524,М,31,97,162
1525,М,26,71,199
1526,Ж,44,81,176
1527,Ж,25,148,168
1528,М,55,98,167
1529,М,26,184,185
1530,М,29,186,148
1531,М,53,162,192
1532,М,47,185,158
1533,null,47,59,195
1534,М,43,174,168
1535,М,46,159,157
1536,М,25,180,144
1537,Ж,36,160,164
1538,М,39,74,151
1539,М,44,181,186
1540,М,27,72,176
1541,Ж,25,58,164
1542,Ж,42,196,170
1543,Ж,50,85,180
1544,Ж,42,74,143
1545,М,51,195,197
1546,М,27,179,154
1547,Ж,28,125,196
1548,Ж,46,156,158
1549,Ж,47,73,164
1550,Ж,25,71,197
1551,М,52,164,173
1552,Ж,35,159,143
1553,М,54,168,190
1554,М,24,87,150
1555,Ж,45,151,143
1556,М,26,78,157
1557,М,37,104,155
1558,М,28,146,141
1559,Ж,47,142,695
1560,М,39,77,192
1561,М,260,83,170
1562,М,50,196,143
1563,Ж,49,189,194
1564,Ж,49,176,190
1565,Ж,26,191,157
1566,М,45,164,158
1567,Ж,41,166,157
1568,Ж,30,124,150
1569,null,42,86,197
1570,М,29,97,174
1571,Ж,46,80,169
1572,Ж,39,108,180
1573,null,53,182,191
1574,Ж,309,161,192
1575,Ж,34,159,165
1576,Ж,33,92,169
1577,М,245,71,156
1578,Ж,30,130,192
1579,Ж,50,73,161
1580,М,26,200,195
1581,Ж,40,152,161
1582,М,32,97,185
1583,М,42,181,144
1584,М,51,140,158
1585,Ж,248,93,176
1586,М,42,97,191
1587,Ж,28,52,154
1588,Ж,31,89,141
1589,Ж,31,57,166
1590,Ж,26,76,153
1591,Ж,49,52,150
1592,Ж,30,180,142
1593,Ж,35,78,182
1594,М,44,133,181
1595,Ж,249,106,192
1596,М,38,119,185
1597,Ж,43,86,189
1598,М,54,200,152
1599,М,30,65,149
1600,null,52,195,169
1601,М,42,169,178
1602,М,34,144,164
1603,М,37,83,183
1604,М,37,188,148
1605,Ж,34,132,147
1606,Ж,24,163,153
1607,М,25,158,164
1608,М,49,84,171
1609,null,48,107,188
1610,Ж,41,119,177
1611,Ж,54,159,161
1612,М,51,158,148
1613,М,26,177,160
1614,Ж,44,85,176
1615,Ж,49,58,155
1616,Ж,53,96,156
1617,Ж,29,133,177
1618,Ж,32,89,163
1619,М,33,172,199
1620,Ж,28,135,160
1621,Ж,25,77,167
1622,М,50,145,191
1623,null,37,60,172
1624,Ж,23,98,186
1625,М,43,64,197
1626,М,37,128,178
1627,М,223,151,190
1628,Ж,26,167,173
1629,Ж,34,80,148
1630,Ж,45,110,190
1631,М,40,165,162
1632,М,38,175,141
1633,М,30,99,186
1634,Ж,39,60,171
1635,М,36,134,196
1636,Ж,48,99,200
1637,Ж,53,61,196
1638,М,52,98,446
1639,Ж,53,56,189
1640,М,50,100,165
1641,Ж,33,81,163
1642,Ж,47,158,190
1643,Ж,33,152,169
1644,Ж,43,150,192
1645,Ж,25,88,160
1646,Ж,31,123,199
1647,Ж,26,179,158
1648,Ж,25,181,191
1649,Ж,31,140,178
1650,Ж,52,137,167
1651,Ж,51,63,149
1652,М,46,186,165
1653,М,52,68,197
1654,Ж,42,146,149
1655,М,34,142,199
1656,М,39,57,189
1657,М,330,164,182
1658,Ж,32,163,195
1659,Ж,40,65,146
1660,Ж,47,175,166
1661,М,50,73,177
1662,Ж,34,85,191
1663,Ж,47,52,143
1664,Ж,50,165,149
1665,М,43,118,155
1666,М,38,180,155
1667,Ж,45,152,157
1668,Ж,38,176,183
1669,Ж,41,128,167
1670,Ж,23,80,141
1671,М,26,131,188
1672,М,35,50,149
1673,Ж,25,199,144
1674,М,33,65,185
1675,М,27,133,195
1676,Ж,45,77,186
1677,Ж,47,86,170
1678,Ж,41,171,196
1679,Ж,44,99,145
1680,М,43,52,170
1681,М,54,194,148
1682,Ж,31,96,153
1683,Ж,38,131,158
1684,М,52,185,165
1685,М,28,92,144
1686,М,55,198,162
1687,Ж,49,84,157
1688,М,48,99,156
1689,Ж,52,90,160
1690,М,26,182,160
1691,М,29,133,195
1692,Ж,24,107,188
1693,М,37,131,147
1694,М,55,66,200
1695,Ж,30,105,199
1696,М,50,171,198
1697,М,46,195,169
1698,М,29,92,155
1699,М,31,180,158
1700,М,32,183,169
1701,Ж,41,164,173
1702,null,55,54,194
1703,Ж,27,59,182
1704,М,55,200,169
1705,Ж,45,167,148
1706,М,48,107,186
1707,М,46,170,180
1708,М,54,129,146
1709,М,38,66,152
1710,Ж,43,169,152
1711,Ж,25,62,179
1712,Ж,47,109,191
1713,Ж,31,192,166
1714,М,33,92,152
1715,М,47,109,597
1716,М,29,71,192
1717,Ж,40,92,160
1718,Ж,37,150,178
1719,Ж,31,161,161
1720,Ж,51,60,146
1721,Ж,30,167,164
1722,М,49,103,181
1723,Ж,42,160,170
1724,М,39,178,181
1725,Ж,42,174,159
1726,М,46,135,199
1727,Ж,49,116,157
1728,М,51,192,181
1729,Ж,39,86,186
1730,М,25,142,195
1731,М,27,137,164
1732,М,54,100,148
1733,Ж,23,50,766
1734,Ж,40,180,182
1735,М,29,112,162
1736,Ж,34,66,182
1737,Ж,27,83,167
1738,М,335,108,175
1739,Ж,46,88,158
1740,Ж,29,174,141
1741,Ж,42,100,146
1742,М,43,119,175
1743,Ж,46,150,176
1744,Ж,49,93,190
1745,М,30,144,154
1746,М,55,139,180
1747,М,50,100,199
1748,М,35,170,189
1749,М,50,129,185
1750,М,47,120,181
1751,М,23,56,140
1752,Ж,54,90,180
1753,Ж,42,85,155
1754,Ж,54,90,148
1755,М,33,58,188
1756,М,29,191,198
1757,Ж,41,168,153
1758,Ж,42,130,166
1759,М,337,159,148
1760,Ж,42,167,198
1761,М,30,181,197
1762,М,40,121,167
1763,М,34,182,150
1764,Ж,38,155,178
1765,М,49,159,198
1766,М,49,113,167
1767,Ж,29,51,183
1768,Ж,32,187,163
1769,М,40,64,158
1770,Ж,33,187,178
1771,Ж,55,117,175
1772,Ж,55,101,180
1773,Ж,44,171,148
1774,М,23,163,189
1775,М,45,112,173
1776,М,47,148,191
1777,Ж,45,63,161
1778,Ж,31,188,159
1779,М,28,158,143
1780,Ж,34,130,167
1781,Ж,49,180,177
1782,Ж,36,189,150
1783,Ж,52,58,198
1784,Ж,25,174,148
1785,М,38,119,188
1786,Ж,27,100,158
1787,Ж,44,167,185
1788,Ж,29,65,184
1789,Ж,34,75,175
1790,М,221,89,196
1791,Ж,45,182,163
1792,М,52,141,167
1793,М,44,50,177
1794,Ж,42,200,142
1795,М,52,89,151
1796,Ж,31,136,150
1797,М,25,165,141
1798,М,55,73,149
1799,М,39,183,196
1800,Ж,48,56,166
1801,М,23,191,186
1802,Ж,45,90,146
1803,М,25,178,146
1804,Ж,37,79,187
1805,Ж,53,87,188
1806,М,37,166,150
1807,Ж,29,175,191
1808,null,34,86,142
1809,М,49,186,448
1810,М,43,164,200
1811,М,53,156,175
1812,Ж,41,145,140
1813,М,25,188,148
1814,М,29,116,143
1815,М,45,122,151
1816,Ж,53,194,195
1817,М,53,134,163
1818,Ж,37,199,190
1819,Ж,31,63,143
1820,М,35,98,161
1821,Ж,32,100,527
1822,Ж,25,67,177
1823,М,32,176,462
1824,Ж,49,147,172
1825,М,42,131,159
1826,М,37,51,140
1827,М,304,149,179
1828,Ж,33,185,152
1829,Ж,47,200,188
1830,М,27,146,165
1831,М,31,98,738
1832,М,45,182,184
1833,М,40,147,418
1834,М,44,164,179
1835,М,43,174,160
1836,М,28,137,166
1837,М,52,174,141
1838,Ж,46,147,200
1839,М,31,149,187
1840,М,50,170,200
1841,М,55,51,161
1842,Ж,53,183,147
1843,Ж,40,109,148
1844,М,52,53,176
1845,Ж,44,117,194
1846,Ж,51,89,167
1847,М,37,156,189
1848,М,40,130,190
1849,М,55,91,171
1850,М,41,85,188
1851,М,261,117,170
1852,Ж,49,122,174
1853,М,40,110,174
1854,Ж,36,135,172
1855,М,48,192,140
1856,М,26,55,193
1857,Ж,45,91,175
1858,Ж,31,53,143
1859,Ж,52,80,193
1860,Ж,41,56,174
1861,М,41,189,160
1862,М,24,155,151
1863,Ж,33,64,163
1864,М,41,93,155
1865,Ж,32,172,146
1866,Ж,48,95,197
1867,Ж,52,93,166
1868,Ж,47,120,150
1869,М,23,145,164
1870,Ж,41,115,161
1871,Ж,54,166,195
1872,Ж,45,111,155
1873,М,50,74,177
1874,М,48,171,162
1875,Ж,45,135,184
1876,М,223,82,193
1877,М,37,99,158
1878,М,305,117,156
1879,Ж,50,147,150
1880,null,33,67,180
1881,Ж,51,190,153
1882,М,32,81,165
1883,М,36,131,145
1884,М,29,193,177
1885,М,44,87,183
1886,М,32,148,144
1887,М,51,198,196
1888,Ж,49,117,145
1889,Ж,35,146,162
1890,М,39,189,200
1891,М,41,159,164
1892,Ж,28,142,158
1893,Ж,50,95,170
1894,М,50,103,147
1895,М,25,89,176
1896,Ж,34,88,339
1897,М,54,165,192
1898,Ж,48,163,151
1899,Ж,32,91,371
1900,М,44,194,194
1901,М,24,137,179
1902,М,50,128,197
1903,Ж,35,63,175
1904,Ж,52,145,173
1905,Ж,43,124,171
1906,М,40,80,176
1907,М,26,173,189
1908,Ж,23,159,154
1909,М,45,182,150
1910,М,27,115,185
1911,М,32,200,141
1912,Ж,50,194,152
1913,М,40,153,186
1914,Ж,54,137,186
1915,Ж,53,193,177
1916,М,33,70,176
1917,Ж,46,124,176
1918,Ж,29,102,197
1919,М,45,151,150
1920,Ж,25,148,193
1921,Ж,23,199,165
1922,Ж,23,50,154
1923,Ж,43,51,164
1924,Ж,40,99,192
1925,М,29,142,151
1926,Ж,34,91,158
1927,Ж,30,172,152
1928,М,25,65,179
1929,М,30,131,169
1930,Ж,52,128,163
1931,Ж,33,154,197
1932,М,53,128,152
1933,М,24,164,161
1934,М,50,93,165
1935,М,26,107,199
1936,М,40,116,166
1937,Ж,38,184,163
1938,М,43,172,154
1939,Ж,25,180,179
1940,Ж,43,73,155
1941,Ж,30,115,150
1942,М,31,187,159
1943,М,51,99,170
1944,Ж,44,77,162
1945,Ж,54,114,163
1946,Ж,24,161,155
1947,М,35,180,163
1948,М,54,124,167
1949,М,51,70,197
1950,Ж,35,54,165
1951,Ж,48,176,153
1952,Ж,34,198,160
1953,М,36,135,197
1954,М,24,50,180
1955,null,48,153,155
1956,Ж,41,123,167
1957,М,25,99,190
1958,Ж,53,166,145
1959,М,36,65,159
1960,М,52,162,169
1961,Ж,24,115,160
1962,Ж,53,127,190
1963,Ж,29,130,164
1964,М,39,73,161
1965,Ж,45,184,199
1966,Ж,30,58,176
1967,М,35,91,158
1968,М,54,104,169
1969,Ж,41,134,199
1970,М,37,198,180
1971,М,27,90,195
1972,Ж,29,131,445
1973,Ж,51,177,173
1974,Ж,41,87,150
1975,М,47,64,194
1976,М,54,158,183
1977,М,49,61,197
1978,Ж,44,53,156
1979,Ж,43,143,142
1980,Ж,37,75,162
1981,Ж,288,128,186
1982,Ж,27,160,190
1983,Ж,43,132,198
1984,М,38,89,167
1985,Ж,36,120,149
1986,М,51,74,190
1987,Ж,49,137,159
1988,Ж,34,62,182
1989,Ж,40,134,159
1990,Ж,27,144,144
1991,Ж,33,56,161
1992,М,50,193,181
1993,Ж,40,199,148
1994,Ж,35,115,160
1995,Ж,39,198,161
1996,М,46,185,160
1997,М,47,109,179
1998,М,55,134,193
1999,М,50,182,167
2000,Ж,49,113,175
2001,М,33,169,171
2002,М,45,94,143
2003,Ж,49,119,162
2004,Ж,51,139,177
2005,Ж,43,110,170
2006,Ж,53,104,171
2007,Ж,45,138,191
2008,Ж,33,184,188
2009,Ж,44,84,173
2010,Ж,33,178,178
2011,М,31,68,200
2012,Ж,51,103,146
2013,М,46,193,182
2014,М,31,55,163
2015,Ж,30,86,182
2016,Ж,51,149,190
2017,М,48,145,173
2018,Ж,34,61,168
2019,Ж,30,196,191
2020,М,46,84,192
2021,М,43,185,194
2022,М,53,120,149
2023,Ж,36,141,158
2024,Ж,31,73,191
2025,Ж,29,149,183
2026,М,37,184,159
2027,М,49,176,197
2028,М,45,162,182
2029,Ж,26,145,181
2030,Ж,46,186,174
2031,М,47,95,154
2032,М,249,125,195
2033,Ж,26,165,196
2034,Ж,36,66,193
2035,М,44,63,182
2036,null,24,50,187
2037,Ж,36,143,176
2038,М,37,170,164
2039,М,48,119,175
2040,Ж,34,131,153
2041,М,219,50,157
2042,Ж,31,157,191
2043,Ж,47,65,153
2044,Ж,38,80,164
2045,Ж,39,118,193
2046,Ж,26,144,187
2047,Ж,26,179,141
2048,Ж,29,123,162
2049,Ж,42,70,154
2050,М,39,116,176
2051,М,47,62,165
2052,М,31,81,156
2053,Ж,29,80,154
2054,Ж,55,66,168
2055,М,44,135,143
2056,М,37,163,167
2057,Ж,51,168,146
2058,М,27,94,166
2059,Ж,47,116,160
2060,М,30,141,189
2061,М,25,164,193
2062,Ж,46,159,198
2063,М,37,155,160
2064,Ж,46,80,184
2065,Ж,49,106,161
2066,М,46,179,188
2067,Ж,34,94,163
2068,М,52,71,168
2069,М,30,111,184
2070,Ж,54,199,184
2071,Ж,51,106,196
2072,М,28,177,160
2073,М,43,124,156
2074,М,50,200,689
2075,Ж,33,83,589
2076,М,23,100,181
2077,М,38,100,168
2078,М,29,101,145
2079,Ж,41,53,142
2080,М,35,63,196
2081,Ж,49,156,161
2082,М,40,174,144
2083,М,33,63,175
2084,Ж,38,87,173
2085,Ж,44,190,199
2086,Ж,38,129,922
2087,Ж,33,161,164
2088,М,48,147,177
2089,М,51,80,165
2090,М,45,133,178
2091,Ж,26,95,195
2092,М,25,163,148
2093,null,52,123,155
2094,Ж,44,159,149
2095,Ж,46,98,475
2096,М,46,156,141
2097,М,44,90,150
2098,Ж,35,138,160
2099,Ж,37,80,193
2100,Ж,31,170,193
2101,Ж,41,65,141
2102,М,27,161,161
2103,Ж,36,186,172
2104,null,51,58,173
2105,М,26,76,187
2106,Ж,320,195,159
2107,М,35,91,152
2108,Ж,303,77,161
2109,М,39,91,167
2110,Ж,46,113,161
2111,М,28,126,144
2112,Ж,316,126,172
2113,М,30,78,177
2114,Ж,48,180,180
2115,М,46,98,146
2116,Ж,55,132,192
2117,М,48,66,192
2118,Ж,46,120,143
2119,М,33,106,187
2120,М,46,175,198
2121,М,40,104,162
2122,Ж,49,71,160
2123,М,50,88,146
2124,Ж,30,122,161
2125,Ж,24,91,188
2126,М,29,197,164
2127,Ж,26,85,148
2128,Ж,39,59,175
2129,М,53,64,146
2130,Ж,35,50,160
2131,М,41,165,181
2132,М,37,150,175
2133,Ж,30,69,167
2134,М,46,198,140
2135,Ж,28,97,173
2136,Ж,54,155,172
2137,М,27,102,159
2138,М,44,112,149
2139,Ж,49,149,198
2140,Ж,47,52,151
2141,М,49,180,193
2142,Ж,44,125,184
2143,М,48,72,190
2144,М,30,147,152
2145,Ж,50,153,185
2146,М,29,137,164
2147,М,26,80,172
2148,Ж,27,169,195
2149,М,35,154,161
2150,М,30,61,154
2151,Ж,26,110,166
2152,Ж,29,135,177
2153,М,51,91,168
2154,Ж,42,155,149
2155,Ж,36,124,197
2156,Ж,49,198,182
2157,Ж,41,101,166
2158,Ж,29,124,166
2159,М,32,72,642
2160,Ж,33,182,155
2161,М,52,174,149
2162,Ж,26,107,197
2163,Ж,49,192,178
2164,М,47,169,145
2165,М,49,151,190
2166,М,54,115,200
2167,М,44,61,147
2168,М,47,104,173
2169,Ж,28,148,194
2170,М,35,118,175
2171,М,259,66,172
2172,М,34,134,487
2173,Ж,31,72,192
2174,М,46,82,178
2175,Ж,38,130,166
2176,Ж,49,67,142
2177,М,38,184,176
2178,М,38,59,187
2179,Ж,43,61,189
2180,М,48,68,143
2181,Ж,36,100,178
2182,М,30,87,190
2183,М,39,80,155
2184,М,314,121,169
2185,Ж,40,172,179
2186,Ж,42,139,184
2187,М,27,54,171
2188,Ж,33,75,166
2189,Ж,26,68,172
2190,М,40,174,200
2191,М,308,72,171
2192,М,25,90,169
2193,Ж,43,71,192
2194,М,23,160,186
2195,Ж,41,159,195
2196,М,26,161,146
2197,Ж,46,94,185
2198,Ж,24,138,173
2199,М,41,93,156
2200,М,25,90,161
2201,М,52,168,198
2202,Ж,337,128,151
2203,М,34,115,151
2204,Ж,23,62,189
2205,Ж,23,115,188
2206,М,45,81,169
2207,Ж,36,197,145
2208,Ж,47,174,141
2209,Ж,31,134,200
2210,М,52,128,192
2211,Ж,27,66,157
2212,Ж,55,59,156
2213,Ж,53,150,182
2214,Ж,44,119,190
2215,Ж,39,50,150
2216,М,42,174,926
2217,М,23,128,157
2218,Ж,38,94,173
2219,Ж,27,94,152
2220,Ж,26,73,151
2221,М,28,75,199
2222,Ж,49,148,156
2223,Ж,27,97,178
2224,Ж,37,140,168
2225,М,41,165,177
2226,М,28,144,149
2227,М,27,92,196
2228,М,41,65,153
2229,М,34,129,174
2230,М,51,92,162
2231,Ж,52,69,145
2232,М,37,102,580
2233,М,40,67,158
2234,М,52,81,148
2235,М,51,91,200
2236,М,53,170,191
2237,М,28,104,148
2238,Ж,289,192,147
2239,Ж,46,158,195
2240,М,44,196,150
2241,М,40,148,153
2242,М,44,139,152
2243,М,36,200,171
2244,Ж,29,130,196
2245,Ж,48,55,156
2246,Ж,48,129,185
2247,М,32,162,175
2248,М,55,99,198
2249,М,36,64,150
2250,М,51,151,172
2251,М,24,115,622
2252,М,24,173,160
2253,М,51,150,183
2254,Ж,25,85,150
2255,Ж,44,146,179
2256,М,30,166,148
2257,М,46,183,167
2258,М,34,72,156
2259,Ж,40,52,184
2260,М,27,185,199
2261,Ж,49,147,149
2262,М,38,130,153
2263,Ж,51,138,192
2264,М,49,67,173
2265,Ж,26,64,154
2266,Ж,47,147,161
2267,Ж,39,184,181
2268,Ж,32,77,146
2269,М,43,157,162
2270,М,33,54,193
2271,Ж,31,165,141
2272,М,49,69,183
2273,Ж,52,161,180
2274,Ж,32,183,172
2275,М,24,173,153
2276,М,36,169,183
2277,М,51,122,175
2278,Ж,24,175,173
2279,Ж,50,77,174
2280,М,31,84,174
2281,М,42,80,169
2282,Ж,50,134,160
2283,М,49,151,183
2284,Ж,50,169,184
2285,Ж,30,67,178
2286,Ж,46,90,165
2287,М,24,106,163
2288,М,52,65,184
2289,Ж,26,129,199
2290,Ж,35,188,159
2291,М,36,197,152
2292,Ж,49,50,148
2293,М,46,74,178
2294,Ж,49,184,158
2295,М,44,61,162
2296,М,55,183,164
2297,Ж,27,166,167
2298,М,39,140,178
2299,М,55,68,158
2300,Ж,51,132,185
2301,Ж,47,110,169
2302,М,55,156,199
2303,М,39,50,195
2304,Ж,39,168,166
2305,М,43,78,149
2306,Ж,54,132,188
2307,М,32,123,142
2308,Ж,51,132,162
2309,Ж,264,91,183
2310,Ж,45,116,184
2311,Ж,30,68,153
2312,Ж,40,188,195
2313,Ж,24,170,177
2314,Ж,272,67,142
2315,М,51,187,175
2316,М,47,110,174
2317,М,53,132,196
2318,М,36,155,167
2319,Ж,41,157,151
2320,Ж,53,118,197
2321,М,28,161,156
2322,М,55,171,197
2323,Ж,42,139,158
2324,М,37,158,196
2325,М,50,193,199
2326,Ж,51,192,196
2327,Ж,35,194,184
2328,Ж,44,199,142
2329,Ж,50,82,149
2330,М,49,55,188
2331,М,40,109,168
2332,Ж,54,121,167
2333,Ж,36,94,184
2334,Ж,50,159,192
2335,Ж,52,183,149
2336,М,45,163,198
2337,Ж,37,57,192
2338,Ж,28,117,169
2339,Ж,29,64,171
2340,Ж,42,91,191
2341,Ж,29,56,149
2342,Ж,54,99,169
2343,М,46,60,180
2344,Ж,27,102,140
2345,М,44,164,186
2346,Ж,25,97,178
2347,Ж,46,149,186
2348,Ж,36,63,145
2349,М,55,107,147
2350,М,41,158,195
2351,Ж,53,67,179
2352,Ж,35,78,151
2353,Ж,27,162,148
2354,Ж,28,79,157
2355,М,54,85,181
2356,Ж,30,55,152
2357,Ж,54,155,173
2358,Ж,30,192,179
2359,Ж,351,77,176
2360,М,49,159,167
2361,Ж,24,165,154
2362,М,30,72,173
2363,М,47,163,174
2364,Ж,42,114,167
2365,Ж,36,112,175
2366,М,34,145,165
2367,Ж,24,50,173
2368,М,31,114,150
2369,Ж,34,166,184
2370,М,46,185,195
2371,Ж,46,155,163
2372,Ж,41,65,151
2373,Ж,24,86,181
2374,М,39,164,178
2375,Ж,29,73,176
2376,М,24,111,188
2377,М,55,130,161
2378,М,23,122,160
2379,Ж,30,128,187
2380,Ж,52,145,174
2381,Ж,35,192,154
2382,М,50,168,174
2383,Ж,52,188,176
2384,Ж,47,106,143
2385,М,41,135,149
2386,М,40,131,184
2387,М,317,112,145
2388,М,50,64,170
2389,М,32,179,193
2390,Ж,26,196,182
2391,М,30,147,151
2392,Ж,259,55,167
2393,Ж,25,70,176
2394,М,53,72,154
2395,М,53,99,141
2396,М,52,119,156
2397,М,49,54,189
2398,Ж,48,104,185
2399,Ж,34,155,167
2400,null,35,108,168
2401,М,52,139,152
2402,Ж,49,118,150
2403,М,242,128,182
2404,М,33,86,182
2405,М,48,52,187
2406,М,42,136,181
2407,Ж,44,154,198
2408,М,24,122,192
2409,Ж,40,175,195
2410,Ж,48,157,159
2411,М,277,112,179
2412,М,51,52,159
2413,М,36,154,182
2414,Ж,43,101,176
2415,Ж,33,105,167
2416,М,27,181,182
2417,М,54,177,200
2418,Ж,46,104,931
2419,М,39,54,152
2420,М,48,185,200
2421,М,32,53,186
2422,М,40,195,141
2423,Ж,28,129,171
2424,М,40,77,174
2425,М,35,136,151
2426,Ж,53,65,180
2427,М,23,59,196
2428,М,37,160,178
2429,Ж,34,138,161
2430,Ж,52,121,141
2431,Ж,44,181,141
2432,Ж,25,191,184
2433,Ж,31,100,157
2434,М,45,71,191
2435,М,55,67,186
2436,Ж,24,146,162
2437,М,38,127,147
2438,Ж,51,88,171
2439,Ж,37,77,153
2440,Ж,35,62,192
2441,Ж,23,185,159
2442,Ж,38,67,183
2443,Ж,54,185,143
2444,М,49,150,196
2445,М,32,114,151
2446,М,28,180,166
2447,М,52,166,167
2448,Ж,54,126,161
2449,Ж,38,69,187
2450,М,54,171,196
2451,М,23,139,187
2452,М,50,92,141
2453,М,30,116,189
2454,Ж,30,186,162
2455,Ж,27,50,153
2456,Ж,47,109,163
2457,М,47,135,144
2458,Ж,42,73,148
2459,Ж,43,154,181
2460,М,31,126,200
2461,М,55,86,153
2462,М,44,183,158
2463,Ж,43,156,190
2464,М,30,167,143
2465,М,31,52,169
2466,М,39,193,159
2467,Ж,41,67,187
2468,Ж,53,101,144
2469,М,39,103,161
2470,Ж,28,192,192
2471,Ж,25,145,182
2472,Ж,33,155,141
2473,Ж,50,59,151
2474,Ж,40,171,165
2475,Ж,31,71,188
2476,Ж,23,147,199
2477,М,32,175,156
2478,М,36,187,153
2479,М,37,62,186
2480,М,35,176,159
2481,М,39,179,179
2482,М,41,153,197
2483,М,35,141,192
2484,Ж,35,68,157
2485,Ж,29,56,149
2486,М,23,184,167
2487,Ж,34,81,189
2488,Ж,28,146,163
2489,Ж,25,151,184
2490,М,26,108,182
2491,Ж,34,128,196
2492,Ж,31,98,163
2493,Ж,27,137,169
2494,М,41,94,151
2495,Ж,23,112,163
2496,Ж,25,136,162
2497,М,26,143,146
2498,М,40,115,175
2499,М,49,94,177
2500,Ж,50,125,184
2501,М,26,151,148
2502,М,55,173,145
2503,М,37,66,198
2504,М,45,125,190
2505,М,32,180,199
2506,Ж,39,185,178
2507,Ж,35,97,174
2508,М,35,150,190
2509,Ж,47,165,384
2510,М,40,143,150
2511,М,43,161,182
2512,Ж,51,155,617
2513,Ж,55,107,144
2514,Ж,41,146,191
2515,М,29,74,161
2516,М,24,55,199
2517,null,45,165,185
2518,Ж,40,128,171
2519,null,47,57,195
2520,М,35,134,170
2521,Ж,34,152,168
2522,Ж,25,65,153
2523,М,36,74,168
2524,Ж,47,59,150
2525,М,53,144,169
2526,Ж,24,153,199
2527,Ж,38,58,142
2528,Ж,51,79,149
2529,Ж,26,87,196
2530,Ж,52,91,142
2531,Ж,32,159,159
2532,М,27,75,142
2533,М,42,58,187
2534,null,23,50,168
2535,Ж,36,70,146
2536,М,41,146,322
2537,null,45,59,141
2538,М,40,141,151
2539,Ж,45,163,180
2540,М,36,59,153
2541,Ж,26,57,176
2542,М,27,97,178
2543,Ж,36,173,200
2544,Ж,49,70,152
2545,Ж,25,106,906
2546,М,54,125,187
2547,Ж,27,158,179
2548,Ж,54,134,151
2549,М,53,90,196
2550,Ж,50,177,369
2551,Ж,39,70,194
2552,Ж,29,78,171
2553,Ж,48,59,191
2554,М,29,168,151
2555,М,30,139,146
2556,М,38,59,199
2557,М,37,142,181
2558,Ж,40,131,187
2559,М,23,75,153
2560,М,23,94,162
2561,Ж,42,73,184
2562,М,24,85,195
2563,Ж,38,65,358
2564,Ж,26,115,156
2565,Ж,38,157,142
2566,М,36,76,164
2567,Ж,54,59,158
2568,М,39,67,179
2569,М,51,200,178
2570,Ж,54,144,182
2571,Ж,46,83,156
2572,М,24,161,169
2573,Ж,53,161,199
2574,М,39,86,144
2575,М,55,65,142
2576,Ж,36,139,144
2577,М,23,192,146
2578,Ж,53,139,154
2579,Ж,54,134,198
2580,Ж,51,191,182
2581,Ж,46,138,183
2582,Ж,28,163,193
2583,М,51,150,153
2584,М,55,54,200
2585,М,30,82,187
2586,Ж,39,86,144
2587,М,35,139,161
2588,Ж,23,88,169
2589,М,27,73,200
2590,Ж,44,200,145
2591,Ж,44,188,198
2592,Ж,39,157,146
2593,Ж,26,50,151
2594,Ж,46,90,160
2595,Ж,32,163,151
2596,М,34,187,158
2597,null,25,177,191
2598,М,52,68,197
2599,Ж,51,54,155
2600,Ж,39,189,180
2601,М,46,140,155
2602,Ж,34,163,191
2603,М,31,180,160
2604,М,54,116,192
2605,М,43,127,180
2606,Ж,23,98,191
2607,М,47,54,191
2608,М,42,75,183
2609,Ж,54,84,178
2610,М,42,98,182
2611,М,35,190,185
2612,Ж,35,85,186
2613,М,55,95,167
2614,Ж,34,71,181
2615,Ж,52,58,178
2616,М,28,193,189
2617,Ж,27,134,182
2618,М,34,169,199
2619,М,47,56,155
2620,Ж,55,117,160
2621,М,27,190,189
2622,Ж,290,127,195
2623,Ж,35,153,153
2624,Ж,45,187,186
2625,М,28,196,188
2626,М,45,183,153
2627,М,37,131,195
2628,М,52,116,958
2629,М,36,103,150
2630,Ж,55,119,182
2631,М,35,175,166
2632,Ж,31,188,144
2633,М,51,120,189
2634,Ж,27,98,160
2635,М,47,101,180
2636,М,49,151,182
2637,М,28,123,143
2638,Ж,40,75,168
2639,Ж,33,94,176
2640,Ж,40,150,157
2641,М,41,127,149
2642,Ж,36,94,149
2643,М,32,99,184
2644,Ж,35,85,195
2645,Ж,36,164,199
2646,Ж,32,111,154
2647,Ж,212,180,182
2648,Ж,50,164,167
2649,М,51,76,170
2650,М,52,64,140
2651,Ж,48,148,145
2652,Ж,50,75,190
2653,М,29,60,166
2654,Ж,42,90,145
2655,М,39,68,197
2656,Ж,24,122,167
2657,Ж,39,193,179
2658,null,34,76,195
2659,М,34,183,200
2660,null,27,153,182
2661,Ж,54,198,425
2662,М,33,180,143
2663,Ж,52,105,145
2664,М,36,66,164
2665,М,35,86,171
2666,М,37,119,192
2667,Ж,34,117,186
2668,М,32,164,148
2669,М,47,126,140
2670,М,54,77,180
2671,Ж,41,54,196
2672,М,42,79,141
2673,Ж,45,177,166
2674,М,42,180,144
2675,М,33,170,179
2676,М,53,163,174
2677,М,24,137,197
2678,М,47,168,486
2679,Ж,33,96,171
2680,Ж,34,149,174
2681,Ж,29,188,190
2682,М,32,178,174
2683,null,42,66,171
2684,Ж,27,95,152
2685,Ж,225,151,194
2686,М,49,164,177
2687,Ж,23,133,198
2688,Ж,52,90,161
2689,М,38,191,172
2690,М,37,129,166
2691,М,35,156,150
2692,Ж,31,72,155
2693,Ж,24,65,150
2694,М,32,136,142
2695,М,52,178,173
2696,М,44,91,199
2697,М,38,86,167
2698,Ж,28,143,193
2699,Ж,40,133,184
2700,М,50,95,185
2701,Ж,37,179,197
2702,М,27,77,182
2703,М,55,135,187
2704,Ж,51,73,146
2705,М,45,52,167
2706,Ж,51,69,162
2707,Ж,53,88,165
2708,Ж,33,198,155
2709,М,42,65,168
2710,М,52,52,174
2711,М,34,195,152
2712,Ж,43,78,178
2713,Ж,44,105,165
2714,М,43,172,187
2715,Ж,24,88,198
2716,Ж,42,133,164
2717,Ж,40,166,161
2718,М,54,166,150
2719,М,54,101,156
2720,М,317,150,166
2721,М,221,80,181
2722,Ж,47,58,151
2723,Ж,33,134,196
2724,М,38,116,412
2725,М,30,113,165
2726,Ж,50,52,147
2727,М,48,99,183
2728,Ж,52,172,190
2729,М,38,87,184
2730,М,45,191,165
2731,null,31,124,188
2732,Ж,36,159,143
2733,М,42,143,146
2734,М,27,87,164
2735,М,51,145,142
2736,Ж,43,70,148
2737,Ж,52,168,171
2738,М,52,88,166
2739,Ж,37,172,171
2740,Ж,46,140,151
2741,М,46,100,154
2742,Ж,23,200,170
2743,Ж,37,172,173
2744,М,46,191,140
2745,Ж,36,93,177
2746,М,39,155,147
2747,Ж,32,89,153
2748,Ж,25,114,148
2749,М,55,82,155
2750,Ж,52,102,187
2751,М,37,183,188
2752,М,37,90,153
2753,М,30,145,159
2754,Ж,30,58,191
2755,М,34,131,145
2756,М,32,142,176
2757,Ж,32,188,157
2758,Ж,27,144,172
2759,Ж,52,167,155
2760,Ж,41,164,197
2761,М,37,53,154
2762,М,51,88,162
2763,М,44,150,195
2764,М,54,82,140
2765,М,49,114,188
2766,Ж,37,70,148
2767,Ж,32,163,160
2768,М,33,61,141
2769,М,35,92,190
2770,М,30,76,196
2771,М,42,194,180
2772,Ж,47,129,169
2773,Ж,53,109,144
2774,М,211,109,200
2775,Ж,52,180,155
2776,М,38,143,171
2777,Ж,33,158,147
2778,Ж,30,78,149
2779,М,53,190,172
2780,М,34,187,192
2781,Ж,47,181,187
2782,М,49,196,149
2783,Ж,32,84,173
2784,М,25,193,189
2785,М,41,143,177
2786,М,49,179,150
2787,Ж,33,104,177
2788,Ж,31,165,154
2789,Ж,37,164,177
2790,Ж,43,165,193
2791,Ж,55,185,200
2792,М,25,189,181
2793,Ж,47,189,162
2794,Ж,52,104,191
2795,Ж,52,79,152
2796,Ж,39,146,191
2797,М,34,171,188
2798,М,28,64,174
2799,М,40,151,166
2800,Ж,314,102,199
2801,М,30,129,153
2802,М,32,117,173
2803,Ж,54,172,169
2804,М,28,190,706
2805,Ж,30,126,155
2806,Ж,53,197,192
2807,Ж,257,81,147
2808,Ж,35,200,183
2809,Ж,47,182,155
2810,М,43,122,148
2811,М,23,175,152
2812,М,42,169,163
2813,Ж,25,86,178
2814,М,33,163,176
2815,М,32,52,147
2816,Ж,35,134,148
2817,М,37,58,195
2818,М,36,172,766
2819,Ж,26,80,186
2820,М,25,187,200
2821,Ж,52,190,178
2822,М,30,79,165
2823,Ж,53,187,172
2824,Ж,30,71,150
2825,Ж,25,83,200
2826,Ж,33,106,168
2827,М,27,77,142
2828,Ж,28,182,141
2829,М,55,180,146
2830,М,31,102,172
2831,Ж,23,139,199
2832,Ж,54,147,198
2833,Ж,45,194,173
2834,Ж,45,93,167
2835,Ж,26,174,150
2836,М,24,88,168
2837,Ж,55,166,193
2838,М,40,168,164
2839,М,46,120,156
2840,М,27,167,198
2841,null,28,55,160
2842,Ж,39,66,186
2843,Ж,303,197,189
2844,М,25,134,161
2845,М,24,81,155
2846,Ж,53,94,142
2847,М,55,83,155
2848,Ж,44,89,149
2849,М,31,185,199
2850,Ж,37,158,175
2851,М,40,78,175
2852,М,53,94,148
2853,М,37,63,194
2854,Ж,42,104,183
2855,Ж,30,177,143
2856,Ж,32,117,146
2857,М,36,129,158
2858,М,48,198,184
2859,М,271,105,155
2860,М,24,85,184
2861,М,30,135,161
2862,Ж,36,175,181
2863,Ж,39,142,182
2864,Ж,45,88,170
2865,М,23,189,189
2866,Ж,26,75,146
2867,Ж,55,196,159
2868,Ж,31,107,154
2869,М,32,183,163
2870,М,30,187,982
2871,Ж,47,174,148
2872,Ж,50,155,200
2873,Ж,51,119,150
2874,Ж,39,180,186
2875,Ж,54,170,200
2876,Ж,41,122,193
2877,М,48,89,150
2878,Ж,28,171,174
2879,М,34,59,149
2880,М,28,163,196
2881,М,48,160,191
2882,Ж,54,172,164
2883,М,43,115,171
2884,М,29,135,192
2885,Ж,32,103,187
2886,М,28,112,156
2887,Ж,31,186,190
2888,М,41,71,176
2889,М,49,79,184
2890,М,30,54,162
2891,М,38,162,147
2892,М,26,115,186
2893,Ж,31,156,172
2894,Ж,25,135,194
2895,М,49,69,142
2896,М,38,181,195
2897,Ж,44,111,192
2898,Ж,28,86,145
2899,Ж,23,108,145
2900,Ж,47,122,190
2901,Ж,33,55,157
2902,Ж,32,107,140
2903,М,27,87,492
2904,М,30,144,200
2905,М,40,182,160
2906,Ж,35,159,171
2907,М,39,181,147
2908,Ж,31,189,160
2909,Ж,34,132,160
2910,М,55,146,155
2911,М,50,124,172
2912,М,53,199,145
2913,Ж,52,148,160
2914,Ж,48,139,140
2915,null,36,103,193
2916,М,37,140,142
2917,М,41,174,150
2918,М,38,177,175
2919,Ж,26,124,433
2920,Ж,55,159,160
2921,М,32,72,148
2922,М,34,168,174
2923,Ж,42,169,152
2924,М,25,70,197
2925,М,30,97,185
2926,Ж,31,131,177
2927,М,36,78,141
2928,М,54,77,152
2929,М,54,131,145
2930,Ж,48,62,160
2931,М,52,165,157
2932,М,49,89,152
2933,Ж,31,102,143
2934,М,24,164,182
2935,М,35,108,148
2936,М,44,137,172
2937,М,49,105,175
2938,М,31,92,307
2939,Ж,54,135,172
2940,Ж,31,190,172
2941,Ж,33,192,152
2942,М,40,129,148
2943,Ж,27,173,186
2944,М,38,56,183
2945,М,54,102,161
2946,М,23,161,145
2947,Ж,26,148,179
2948,М,49,184,184
2949,М,47,84,144
2950,Ж,23,59,140
2951,Ж,38,109,180
2952,М,26,142,142
2953,Ж,51,67,157
2954,М,281,80,157
2955,Ж,46,74,187
2956,М,51,65,178
2957,Ж,55,169,157
2958,Ж,284,143,193
2959,М,50,90,158
2960,Ж,31,109,184
2961,Ж,44,114,164
2962,Ж,44,188,182
2963,Ж,49,159,188
2964,Ж,32,140,190
2965,Ж,54,134,159
2966,Ж,31,88,150
2967,М,31,169,199
2968,Ж,52,191,172
2969,М,50,91,147
2970,М,25,137,173
2971,Ж,32,132,170
2972,Ж,45,158,169
2973,М,39,116,188
2974,Ж,50,82,184
2975,М,50,121,180
2976,Ж,36,124,157
2977,М,46,183,157
2978,Ж,34,118,152
2979,М,36,109,153
2980,Ж,53,81,157
2981,М,45,189,169
2982,Ж,44,129,176
2983,М,25,115,150
2984,М,24,103,152
2985,М,46,81,174
2986,М,35,60,177
2987,Ж,30,122,176
2988,М,34,79,152
2989,Ж,32,120,200
2990,Ж,321,100,198
2991,Ж,47,84,171
2992,Ж,28,178,182
2993,null,35,151,146
2994,Ж,43,86,173
2995,Ж,35,163,175
2996,Ж,46,55,175
2997,М,32,95,148
2998,М,50,169,169
2999,М,24,179,180
3000,Ж,50,120,160
3001,Ж,31,123,180
3002,М,29,157,152
3003,М,35,158,200
3004,Ж,51,188,643
3005,Ж,50,65,163
3006,М,40,51,189
3007,М,48,135,143
3008,Ж,317,61,188
3009,Ж,23,197,166
3010,Ж,29,93,151
3011,М,42,139,150
3012,М,40,148,171
3013,Ж,35,182,165
3014,Ж,52,58,159
3015,Ж,49,87,169
3016,Ж,32,61,198
3017,Ж,36,91,589
3018,Ж,31,171,153
3019,М,48,53,198
3020,М,212,95,170
3021,М,39,182,196
3022,М,45,140,185
3023,Ж,45,151,162
3024,М,44,108,169
3025,Ж,40,118,619
3026,Ж,46,110,155
3027,Ж,46,122,141
3028,Ж,38,101,200
3029,М,35,157,162
3030,М,29,169,149
3031,М,43,176,182
3032,М,40,173,196
3033,М,41,198,193
3034,Ж,42,131,141
3035,М,36,93,148
3036,Ж,44,155,144
3037,Ж,38,73,165
3038,М,35,194,162
3039,Ж,53,82,187
3040,Ж,51,144,161
3041,Ж,34,58,141
3042,Ж,45,141,155
3043,Ж,29,182,193
3044,Ж,26,179,153
3045,Ж,36,82,459
3046,Ж,30,158,156
3047,М,45,98,160
3048,М,38,62,194
3049,Ж,51,110,184
3050,М,45,135,146
3051,Ж,53,123,184
3052,Ж,51,164,188
3053,Ж,50,61,164
3054,Ж,45,69,198
3055,Ж,39,96,168
3056,М,47,121,148
3057,Ж,46,85,151
3058,М,47,179,176
3059,М,43,172,181
3060,М,44,73,144
3061,М,227,84,173
3062,Ж,40,67,174
3063,М,54,79,188
3064,М,27,119,150
3065,Ж,51,191,194
3066,М,40,125,188
3067,М,34,59,170
3068,М,39,85,156
3069,Ж,46,84,144
3070,Ж,35,142,167
3071,Ж,29,112,182
3072,М,47,102,168
3073,Ж,47,76,143
3074,М,333,190,169
3075,М,29,103,915
3076,Ж,35,102,191
3077,Ж,45,129,193
3078,Ж,42,148,166
3079,М,29,126,164
3080,М,43,143,167
3081,М,41,174,191
3082,Ж,52,181,166
3083,М,25,61,162
3084,Ж,32,149,638
3085,Ж,54,197,182
3086,М,42,150,166
3087,Ж,23,139,161
3088,М,50,135,168
3089,М,52,68,140
3090,Ж,36,102,148
3091,М,31,58,161
3092,Ж,26,103,144
3093,Ж,25,102,178
3094,Ж,29,98,167
3095,М,32,161,186
3096,М,55,83,192
3097,Ж,51,199,187
3098,Ж,53,98,154
3099,Ж,38,105,180
3100,Ж,41,188,187
3101,М,52,169,197
3102,Ж,31,88,155
3103,Ж,49,64,186
3104,Ж,39,94,169
3105,М,50,136,167
3106,Ж,41,144,185
3107,М,54,90,182
3108,М,23,78,183
3109,М,41,110,146
3110,Ж,25,149,167
3111,Ж,52,166,163
3112,Ж,51,64,386
3113,М,36,85,177
3114,null,46,182,190
3115,М,42,129,178
3116,М,35,156,153
3117,Ж,35,184,153
3118,Ж,30,150,196
3119,М,40,189,196
3120,М,53,186,145
3121,М,47,198,195
3122,Ж,31,111,170
3123,М,50,115,155
3124,Ж,39,138,155
3125,Ж,47,139,173
3126,М,49,169,156
3127,М,44,110,144
3128,Ж,31,192,185
3129,Ж,42,73,194
3130,Ж,45,60,164
3131,М,25,183,187
3132,Ж,48,167,140
3133,М,54,80,198
3134,Ж,31,138,166
3135,М,53,75,574
3136,М,50,80,174
3137,М,23,100,156
3138,М,53,85,140
3139,Ж,49,165,179
3140,М,44,156,166
3141,М,34,101,163
3142,М,35,197,195
3143,null,37,181,148
3144,Ж,31,158,200
3145,Ж,43,132,174
3146,М,23,97,149
3147,М,310,193,172
3148,Ж,29,171,179
3149,Ж,40,73,168
3150,Ж,51,63,187
3151,Ж,29,95,172
3152,Ж,23,66,168
3153,М,55,185,186
3154,Ж,34,194,177
3155,М,44,132,199
3156,М,27,193,171
3157,М,53,126,194
3158,Ж,26,108,176
3159,Ж,52,157,198
3160,Ж,29,158,186
3161,Ж,29,90,165
3162,Ж,26,72,174
3163,Ж,25,140,175
3164,М,52,118,182
3165,М,24,67,148
3166,Ж,32,60,148
3167,null,41,187,163
3168,Ж,43,169,187
3169,Ж,42,172,687
3170,Ж,48,77,150
3171,М,52,99,143
3172,М,47,157,199
3173,Ж,27,150,157
3174,М,30,55,184
3175,М,55,150,188
3176,Ж,27,182,195
3177,М,30,92,158
3178,М,26,199,162
3179,null,34,78,171
3180,М,30,155,152
3181,Ж,43,169,173
3182,Ж,34,142,150
3183,М,26,127,153
3184,М,303,142,187
3185,Ж,53,140,181
3186,Ж,43,187,165
3187,Ж,44,113,152
3188,М,327,94,192
3189,М,51,150,182
3190,Ж,33,60,177
3191,М,38,85,148
3192,М,51,154,158
3193,М,43,100,160
3194,М,50,118,193
3195,null,42,91,191
3196,null,25,104,177
3197,Ж,53,184,176
3198,М,41,75,186
3199,М,45,91,150
3200,null,43,55,152
3201,Ж,26,128,151
3202,М,48,106,161
3203,null,30,130,152
3204,М,44,96,161
3205,М,44,61,170
3206,Ж,49,95,190
3207,Ж,30,103,621
3208,Ж,55,86,166
3209,М,37,107,198
3210,Ж,37,114,176
3211,Ж,26,174,171
3212,М,41,155,192
3213,Ж,45,102,178
3214,Ж,49,157,155
3215,М,27,126,152
3216,Ж,230,196,173
3217,Ж,51,74,176
3218,М,33,55,157
3219,М,27,88,170
3220,Ж,45,112,173
3221,М,52,104,146
3222,М,25,184,191
3223,М,54,128,149
3224,Ж,50,142,167
3225,М,43,83,144
3226,М,25,53,167
3227,Ж,40,130,160
3228,Ж,40,174,170
3229,М,49,172,171
3230,М,40,61,199
3231,М,52,104,146
3232,М,39,198,181
3233,Ж,29,146,141
3234,М,40,68,193
3235,М,46,54,185
3236,М,25,77,195
3237,Ж,53,91,177
3238,Ж,32,173,179
3239,М,32,69,186
3240,Ж,317,181,185
3241,М,26,150,159
3242,М,46,153,583
3243,Ж,40,54,187
3244,Ж,35,54,555
3245,М,27,185,190
3246,Ж,24,75,178
3247,Ж,39,72,157
3248,Ж,53,176,188
3249,М,42,110,167
3250,Ж,33,52,194
3251,Ж,48,143,168
3252,Ж,31,185,161
3253,Ж,48,70,148
3254,М,33,81,144
3255,Ж,52,58,155
3256,М,40,175,194
3257,М,35,75,154
3258,М,35,179,662
3259,Ж,52,199,178
3260,М,47,78,160
3261,М,39,173,183
3262,Ж,35,100,155
3263,Ж,281,191,183
3264,null,42,130,200
3265,М,34,62,190
3266,Ж,50,200,167
3267,Ж,35,177,170
3268,Ж,44,66,188
3269,Ж,28,176,157
3270,Ж,43,151,163
3271,Ж,322,144,149
3272,Ж,52,137,173
3273,Ж,24,107,185
3274,М,44,117,177
3275,М,30,165,167
3276,null,32,101,185
3277,Ж,29,145,200
3278,Ж,28,114,172
3279,М,43,102,150
3280,М,45,88,148
3281,Ж,43,135,159
3282,М,40,196,190
3283,Ж,39,179,146
3284,М,337,157,191
3285,Ж,55,164,159
3286,Ж,31,139,181
3287,Ж,40,70,189
3288,М,40,161,179
3289,Ж,45,96,144
3290,М,40,117,181
3291,Ж,36,158,156
3292,Ж,43,90,161
3293,М,47,199,189
3294,М,55,87,142
3295,М,31,170,146
3296,Ж,42,159,160
3297,Ж,31,69,162
3298,М,44,165,190
3299,М,54,54,186
3300,null,32,70,163
3301,М,46,74,151
3302,Ж,26,193,141
3303,Ж,40,72,143
3304,Ж,39,98,153
3305,М,37,124,159
3306,Ж,40,172,140
3307,М,52,135,169
3308,М,31,196,337
3309,Ж,33,107,192
3310,М,55,99,181
3311,Ж,48,128,174
3312,Ж,48,78,197
3313,Ж,45,136,167
3314,Ж,41,154,172
3315,Ж,41,163,146
3316,М,32,80,194
3317,Ж,53,147,190
3318,М,47,113,148
3319,М,220,99,171
3320,М,31,124,178
3321,Ж,31,64,160
3322,М,46,155,169
3323,М,35,72,140
3324,М,35,113,147
3325,Ж,37,189,178
3326,М,35,58,167
3327,Ж,55,99,143
3328,М,51,185,143
3329,Ж,55,60,530
3330,М,23,60,171
3331,Ж,23,124,148
3332,null,30,137,184
3333,М,25,76,160
3334,М,27,105,172
3335,Ж,34,149,185
3336,М,39,114,150
3337,Ж,46,107,181
3338,Ж,41,158,171
3339,М,52,111,163
3340,Ж,53,119,173
3341,Ж,27,88,142
3342,М,47,184,153
3343,М,33,89,148
3344,Ж,29,122,200
3345,М,36,51,161
3346,М,29,199,189
3347,М,37,131,143
3348,М,29,81,141
3349,М,48,148,152
3350,Ж,45,194,152
3351,Ж,25,109,176
3352,Ж,28,173,159
3353,Ж,51,175,155
3354,Ж,39,133,196
3355,М,36,168,153
3356,М,27,172,161
3357,М,44,167,172
3358,Ж,53,135,160
3359,Ж,55,167,912
3360,М,29,151,171
3361,Ж,300,174,162
3362,М,37,66,158
3363,Ж,48,151,165
3364,Ж,31,199,188
3365,Ж,36,75,178
3366,Ж,47,99,182
3367,Ж,26,146,172
3368,М,37,190,184
3369,Ж,30,177,178
3370,М,34,159,196
3371,М,37,64,164
3372,М,24,175,155
3373,М,47,194,176
3374,М,49,187,146
3375,М,28,178,196
3376,М,54,64,194
3377,М,49,182,153
3378,М,40,194,196
3379,null,25,142,168
3380,Ж,54,112,194
3381,М,37,189,181
3382,М,36,172,142
3383,Ж,30,153,141
3384,М,51,164,179
3385,Ж,35,146,177
3386,М,26,104,186
3387,Ж,39,155,163
3388,Ж,30,91,146
3389,М,54,174,155
3390,Ж,46,184,164
3391,М,38,125,180
3392,Ж,47,179,151
3393,М,273,81,174
3394,Ж,48,144,152
3395,М,24,163,200
3396,М,33,146,192
3397,М,51,104,196
3398,Ж,36,100,155
3399,Ж,30,185,190
3400,Ж,30,64,142
3401,М,47,143,200
3402,Ж,44,146,181
3403,М,41,159,176
3404,Ж,245,69,198
3405,М,52,82,157
3406,М,45,80,170
3407,М,29,155,169
3408,М,39,99,141
3409,М,27,72,160
3410,М,51,196,154
3411,Ж,26,121,183
3412,null,27,127,157
3413,Ж,39,179,182
3414,Ж,25,69,170
3415,М,45,150,153
3416,М,43,99,144
3417,М,32,172,191
3418,М,50,121,188
3419,Ж,54,137,184
3420,М,37,52,155
3421,Ж,50,104,145
3422,Ж,48,175,148
3423,М,24,144,156
3424,М,48,179,142
3425,М,39,171,169
3426,М,30,148,162
3427,М,23,191,141
3428,М,55,157,191
3429,М,55,103,164
3430,Ж,34,106,152
3431,Ж,29,179,162
3432,М,51,81,165
3433,М,38,57,168
3434,Ж,46,98,199
3435,М,39,88,184
3436,М,55,68,145
3437,Ж,31,53,150
3438,Ж,55,198,175
3439,М,46,100,157
3440,М,34,118,149
3441,М,38,96,162
3442,Ж,28,190,715
3443,Ж,45,100,142
3444,М,23,81,173
3445,Ж,34,198,157
3446,Ж,42,112,191
3447,Ж,44,63,173
3448,М,25,139,148
3449,Ж,50,123,200
3450,М,46,83,195
3451,М,45,73,159
3452,Ж,23,173,170
3453,М,43,102,183
3454,М,29,104,152
3455,М,55,127,144
3456,Ж,39,175,141
3457,М,53,193,192
3458,М,49,60,177
3459,Ж,31,62,144
3460,Ж,33,97,158
3461,Ж,39,129,174
3462,Ж,45,188,194
3463,Ж,32,107,150
3464,Ж,48,90,151
3465,Ж,48,158,192
3466,Ж,55,164,176
3467,Ж,24,160,152
3468,М,34,199,173
3469,Ж,51,148,147
3470,М,44,137,141
3471,Ж,24,142,156
3472,М,23,116,186
3473,М,26,108,175
3474,Ж,27,120,180
3475,null,26,194,187
3476,Ж,46,158,199
3477,М,50,62,161
3478,М,28,199,185
3479,М,35,136,168
3480,М,41,132,174
3481,Ж,42,63,156
3482,М,49,158,143
3483,Ж,28,87,160
3484,М,28,187,178
3485,М,41,124,178
3486,М,37,128,159
3487,Ж,49,131,150
3488,Ж,49,199,191
3489,Ж,51,73,182
3490,Ж,32,186,185
3491,М,51,136,185
3492,Ж,24,175,182
3493,Ж,30,81,185
3494,М,45,161,182
3495,М,26,67,160
3496,М,28,163,149
3497,Ж,46,161,184
3498,Ж,44,169,167
3499,М,43,184,186
3500,М,35,110,153
3501,М,291,61,154
3502,Ж,51,65,149
3503,М,46,170,166
3504,М,30,107,149
3505,Ж,53,123,182
3506,Ж,44,50,163
3507,М,29,196,150
3508,Ж,32,110,147
3509,Ж,31,130,181
3510,М,211,55,190
3511,М,43,91,158
3512,Ж,39,103,173
3513,Ж,25,140,146
3514,Ж,35,161,163
3515,Ж,45,199,170
3516,Ж,38,113,148
3517,М,34,124,168
3518,Ж,55,140,181
3519,Ж,44,174,169
3520,М,55,122,173
3521,Ж,51,153,199
3522,Ж,47,193,173
3523,Ж,32,188,163
3524,М,36,95,148
3525,М,32,119,147
3526,М,26,166,195
3527,Ж,35,142,189
3528,М,49,98,181
3529,М,40,185,152
3530,Ж,47,190,143
3531,М,23,77,153
3532,М,29,67,172
3533,Ж,29,181,167
3534,Ж,51,165,835
3535,М,54,97,177
3536,М,26,157,179
3537,Ж,33,180,185
3538,Ж,207,137,175
3539,Ж,37,54,184
3540,Ж,23,56,169
3541,М,51,190,199
3542,Ж,32,64,159
3543,Ж,43,125,198
3544,Ж,34,186,155
3545,М,32,192,191
3546,М,47,200,140
3547,Ж,36,200,143
3548,Ж,53,87,183
3549,Ж,39,76,173
3550,М,26,116,169
3551,М,293,62,152
3552,М,24,58,182
3553,Ж,55,196,165
3554,Ж,31,192,200
3555,М,51,63,634
3556,Ж,45,52,166
3557,Ж,36,137,140
3558,Ж,49,114,179
3559,М,35,192,180
3560,М,25,109,168
3561,М,32,122,191
3562,Ж,40,117,526
3563,Ж,42,161,161
3564,null,46,120,183
3565,Ж,25,126,189
3566,Ж,30,151,149
3567,М,47,91,156
3568,Ж,33,185,870
3569,Ж,40,71,143
3570,Ж,50,170,190
3571,Ж,33,168,192
3572,Ж,47,96,182
3573,Ж,39,79,195
3574,М,32,90,333
3575,М,53,67,154
3576,М,31,120,192
3577,М,48,113,175
3578,М,250,197,200
3579,М,34,181,164
3580,М,43,54,158
3581,М,35,133,153
3582,М,49,133,307
3583,М,24,106,162
3584,Ж,32,154,181
3585,М,27,57,192
3586,Ж,36,89,153
3587,Ж,25,54,190
3588,Ж,25,115,164
3589,М,34,68,170
3590,М,48,142,191
3591,М,40,128,168
3592,Ж,38,129,143
3593,Ж,51,146,199
3594,М,25,196,176
3595,М,54,94,145
3596,М,53,140,174
3597,М,25,86,200
3598,Ж,26,144,192
3599,М,35,82,186
3600,Ж,28,62,726
3601,М,25,99,159
3602,М,44,176,144
3603,Ж,33,75,162
3604,Ж,51,177,200
3605,М,235,172,143
3606,Ж,32,57,160
3607,М,51,121,197
3608,null,55,196,184
3609,Ж,47,155,145
3610,М,34,83,200
3611,Ж,34,67,172
3612,Ж,37,66,196
3613,Ж,31,138,187
3614,М,55,184,145
3615,Ж,50,85,184
3616,Ж,24,159,197
3617,Ж,55,158,148
3618,М,31,111,150
3619,М,32,140,151
3620,Ж,25,190,151
3621,Ж,25,108,169
3622,М,40,98,181
3623,Ж,37,100,178
3624,Ж,35,85,175
3625,Ж,52,179,143
3626,Ж,51,146,185
3627,Ж,34,52,181
3628,М,43,74,169
3629,Ж,43,147,170
3630,Ж,53,197,142
3631,М,53,197,143
3632,М,28,187,165
3633,М,45,153,199
3634,М,47,160,144
3635,Ж,53,190,172
3636,М,41,147,152
3637,Ж,34,97,167
3638,М,41,200,187
3639,Ж,43,149,178
3640,Ж,33,127,152
3641,Ж,35,87,200
3642,М,34,59,146
3643,Ж,55,174,140
3644,Ж,25,93,194
3645,М,31,91,173
3646,М,24,162,179
3647,М,41,55,470
3648,М,30,174,187
3649,М,266,119,149
3650,Ж,54,61,153
3651,М,31,75,159
3652,Ж,31,115,188
3653,М,23,61,153
3654,М,38,132,654
3655,М,35,67,159
3656,М,55,117,189
3657,Ж,23,136,152
3658,М,36,199,173
3659,М,42,196,199
3660,М,39,127,194
3661,Ж,39,150,165
3662,Ж,46,193,185
3663,М,45,98,147
3664,М,351,97,155
3665,Ж,42,79,198
3666,М,37,55,159
3667,Ж,54,160,168
3668,М,43,128,146
3669,М,31,181,151
3670,Ж,24,52,552
3671,Ж,41,190,199
3672,Ж,44,122,178
3673,null,48,143,186
3674,Ж,37,198,190
3675,М,26,73,180
3676,Ж,28,189,196
3677,Ж,24,145,170
3678,М,46,180,200
3679,М,34,160,170
3680,Ж,25,186,200
3681,Ж,52,55,184
3682,М,37,84,876
3683,Ж,39,183,194
3684,М,24,69,168
3685,Ж,26,163,145
3686,М,53,159,165
3687,Ж,50,142,170
3688,Ж,45,165,198
3689,М,44,95,143
3690,М,41,106,197
3691,М,50,112,168
3692,Ж,31,146,182
3693,Ж,52,181,167
3694,Ж,40,153,154
3695,Ж,36,65,157
3696,Ж,42,90,153
3697,М,34,114,188
3698,М,26,186,148
3699,Ж,39,53,156
3700,Ж,52,147,167
3701,М,38,86,151
3702,Ж,45,79,157
3703,Ж,53,106,153
3704,М,38,144,180
3705,Ж,38,98,387
3706,М,50,88,156
3707,Ж,39,124,171
3708,М,42,168,199
3709,М,29,147,195
3710,М,50,159,173
3711,М,36,86,195
3712,М,25,167,180
3713,М,49,136,190
3714,М,55,193,194
3715,Ж,34,187,184
3716,Ж,49,109,175
3717,М,24,137,148
3718,Ж,45,175,194
3719,Ж,47,180,171
3720,М,54,104,167
3721,М,46,103,143
3722,Ж,55,135,181
3723,М,25,94,151
3724,М,41,183,145
3725,null,45,187,190
3726,М,41,88,143
3727,Ж,53,116,171
3728,Ж,46,120,200
3729,М,53,114,151
3730,Ж,49,168,183
3731,М,28,96,178
3732,М,31,110,178
3733,Ж,23,183,142
3734,Ж,39,200,189
3735,Ж,33,159,190
3736,М,31,72,174
3737,М,36,151,141
3738,М,49,116,154
3739,Ж,41,159,191
3740,Ж,35,127,143
3741,М,35,136,145
3742,М,27,115,157
3743,Ж,42,54,188
3744,Ж,45,95,185
3745,Ж,29,62,163
3746,Ж,24,194,161
3747,Ж,43,189,144
3748,М,48,89,771
3749,Ж,41,181,710
3750,Ж,29,116,197
3751,М,29,50,162
3752,М,51,199,145
3753,Ж,28,194,164
3754,Ж,45,94,143
3755,М,53,90,160
3756,М,35,113,180
3757,null,24,153,172
3758,М,24,126,157
3759,Ж,30,89,161
3760,М,45,65,148
3761,М,43,186,174
3762,М,42,162,183
3763,М,35,123,141
3764,М,26,74,184
3765,Ж,36,167,141
3766,М,53,107,149
3767,М,28,126,196
3768,М,31,195,192
3769,Ж,45,127,161
3770,Ж,52,89,183
3771,М,35,104,151
3772,Ж,55,146,163
3773,Ж,23,75,155
3774,М,41,78,146
3775,М,36,59,185
3776,Ж,52,173,141
3777,Ж,33,184,162
3778,null,40,51,191
3779,М,47,150,193
3780,null,24,175,151
3781,Ж,31,52,337
3782,Ж,54,188,490
3783,М,47,72,148
3784,null,31,188,147
3785,Ж,28,153,181
3786,Ж,27,84,178
3787,М,43,114,143
3788,М,31,188,193
3789,М,30,144,172
3790,М,34,51,150
3791,Ж,219,101,152
3792,Ж,55,162,181
3793,М,31,118,162
3794,Ж,29,141,140
3795,М,33,124,150
3796,М,26,61,144
3797,М,51,53,159
3798,Ж,40,74,147
3799,Ж,40,184,168
3800,Ж,50,121,180
3801,Ж,38,107,191
3802,М,27,188,193
3803,Ж,26,187,200
3804,М,47,140,161
3805,Ж,28,139,148
3806,Ж,48,151,152
3807,М,38,157,159
3808,М,52,197,179
3809,Ж,42,141,199
3810,М,46,138,143
3811,Ж,25,88,165
3812,Ж,48,135,152
3813,М,49,64,183
3814,Ж,45,138,188
3815,Ж,37,149,200
3816,Ж,40,84,151
3817,М,29,127,199
3818,М,30,142,160
3819,Ж,49,105,718
3820,М,31,200,165
3821,М,50,52,195
3822,М,39,116,192
3823,Ж,25,64,189
3824,Ж,31,52,190
3825,Ж,54,108,158
3826,Ж,53,189,149
3827,Ж,44,154,167
3828,Ж,55,103,157
3829,Ж,40,117,161
3830,М,43,121,140
3831,Ж,51,193,161
3832,М,38,50,154
3833,М,27,194,193
3834,М,48,85,173
3835,Ж,35,91,189
3836,М,32,63,168
3837,Ж,51,163,163
3838,Ж,30,171,176
3839,М,36,71,188
3840,М,27,179,162
3841,М,30,78,151
3842,Ж,31,190,186
3843,Ж,46,114,177
3844,М,37,127,187
3845,М,32,125,148
3846,М,26,164,189
3847,Ж,24,143,186
3848,Ж,23,162,180
3849,Ж,352,107,183
3850,Ж,48,133,169
3851,М,43,116,182
3852,М,23,184,183
3853,Ж,35,152,183
3854,Ж,55,100,147
3855,Ж,46,83,196
3856,Ж,25,167,185
3857,М,37,194,149
3858,Ж,37,191,189
3859,М,45,120,168
3860,Ж,27,138,166
3861,М,48,160,157
3862,Ж,33,178,160
3863,Ж,53,90,148
3864,М,34,166,180
3865,Ж,30,181,539
3866,М,31,67,144
3867,Ж,36,115,143
3868,Ж,28,60,148
3869,Ж,55,122,178
3870,Ж,42,145,182
3871,М,47,152,179
3872,М,23,83,152
3873,М,34,104,180
3874,М,34,141,168
3875,Ж,44,60,189
3876,Ж,29,129,192
3877,М,48,106,141
3878,М,24,105,155
3879,М,35,85,145
3880,М,31,157,195
3881,М,37,120,140
3882,Ж,37,188,141
3883,М,52,180,163
3884,М,53,141,185
3885,М,336,198,200
3886,Ж,23,133,187
3887,Ж,26,120,181
3888,Ж,40,110,149
3889,Ж,323,173,163
3890,Ж,53,61,168
3891,М,34,60,196
3892,М,41,130,143
3893,Ж,23,90,181
3894,Ж,24,140,167
3895,Ж,39,131,175
3896,М,30,191,194
3897,Ж,36,168,180
3898,Ж,52,134,168
3899,Ж,55,152,147
3900,Ж,43,183,192
3901,Ж,31,123,141
3902,null,41,56,150
3903,М,49,149,151
3904,М,40,160,156
3905,М,50,136,190
3906,Ж,49,176,153
3907,Ж,25,70,168
3908,М,33,176,169
3909,М,29,59,174
3910,М,53,72,523
3911,М,43,86,176
3912,М,51,179,158
3913,М,37,126,178
3914,М,51,79,197
3915,Ж,38,180,183
3916,null,34,131,146
3917,Ж,212,137,169
3918,М,36,120,148
3919,Ж,45,56,199
3920,М,29,81,176
3921,Ж,31,110,173
3922,Ж,29,158,156
3923,М,45,146,148
3924,М,27,165,178
3925,М,28,77,157
3926,Ж,49,122,151
3927,Ж,26,114,189
3928,Ж,24,112,183
3929,М,29,73,173
3930,М,52,170,142
3931,Ж,48,128,164
3932,Ж,34,127,152
3933,null,31,133,153
3934,Ж,48,61,199
3935,Ж,29,155,182
3936,М,235,61,157
3937,М,24,106,155
3938,Ж,39,171,195
3939,М,55,60,181
3940,М,53,79,188
3941,М,49,131,193
3942,Ж,31,131,187
3943,Ж,55,166,170
3944,Ж,40,140,159
3945,null,54,111,198
3946,М,28,123,162
3947,М,37,157,161
3948,Ж,23,142,163
3949,М,37,150,180
3950,М,43,184,191
3951,Ж,53,76,164
3952,Ж,28,164,192
3953,М,30,134,194
3954,М,32,176,145
3955,Ж,45,133,174
3956,М,26,126,147
3957,М,55,111,158
3958,Ж,29,120,157
3959,М,54,89,194
3960,М,51,192,154
3961,М,49,177,152
3962,М,37,98,187
3963,М,51,136,151
3964,М,53,122,150
3965,Ж,44,129,143
3966,М,28,149,184
3967,Ж,37,118,159
3968,null,37,169,153
3969,Ж,36,73,196
3970,М,43,71,148
3971,М,45,60,197
3972,Ж,33,131,158
3973,Ж,35,100,143
3974,М,49,149,149
3975,Ж,34,61,161
3976,Ж,41,78,178
3977,Ж,46,155,170
3978,Ж,49,135,140
3979,Ж,23,155,161
3980,М,27,114,144
3981,Ж,24,122,193
3982,null,54,188,172
3983,М,52,137,150
3984,М,55,144,162
3985,М,25,154,179
3986,Ж,42,195,170
3987,М,53,191,152
3988,М,51,70,144
3989,М,27,87,149
3990,Ж,33,155,177
3991,М,32,51,196
3992,М,30,194,140
3993,Ж,54,175,200
3994,null,53,120,144
3995,М,43,97,156
3996,Ж,41,121,140
3997,Ж,40,170,175
3998,Ж,36,62,168
3999,Ж,37,137,184
4000,Ж,45,57,164
4001,М,33,51,185
4002,М,40,195,165
4003,Ж,44,60,145
4004,Ж,48,78,163
4005,М,52,199,188
4006,М,35,106,164
4007,Ж,26,191,158
4008,М,55,80,181
4009,М,36,159,178
4010,М,24,180,181
4011,Ж,39,167,177
4012,М,40,108,169
4013,Ж,49,146,144
4014,М,49,160,174
4015,М,42,187,141
4016,М,45,122,171
4017,М,330,81,193
4018,М,346,191,197
4019,Ж,26,93,183
4020,М,35,193,150
4021,Ж,38,190,141
4022,Ж,33,150,149
4023,М,53,90,185
4024,Ж,30,130,198
4025,М,38,127,200
4026,Ж,49,199,151
4027,М,47,186,191
4028,М,50,115,198
4029,Ж,23,95,147
4030,Ж,55,92,200
4031,М,54,68,140
4032,М,44,179,165
4033,М,53,181,185
4034,Ж,49,63,188
4035,Ж,30,123,194
4036,М,50,112,182
4037,М,50,98,639
4038,М,30,90,197
4039,Ж,37,135,192
4040,М,35,107,189
4041,М,47,57,171
4042,М,30,196,196
4043,М,48,119,200
4044,Ж,54,136,195
4045,М,39,191,185
4046,М,54,152,501
4047,М,52,137,149
4048,null,28,145,153
4049,М,33,200,146
4050,М,43,106,199
4051,Ж,25,135,182
4052,М,48,150,155
4053,Ж,33,149,140
4054,Ж,49,140,165
4055,М,23,133,200
4056,М,23,182,162
4057,М,47,159,161
4058,М,29,103,159
4059,М,33,199,166
4060,М,28,172,164
4061,М,28,140,175
4062,М,31,197,197
4063,Ж,24,107,180
4064,Ж,39,126,185
4065,Ж,32,82,157
4066,Ж,36,186,158
4067,М,39,200,602
4068,М,42,114,182
4069,М,30,179,143
4070,М,35,185,164
4071,Ж,40,137,179
4072,М,26,169,170
4073,Ж,43,141,142
4074,М,37,171,193
4075,М,51,82,193
4076,Ж,34,112,144
4077,М,30,76,177
4078,Ж,47,81,198
4079,М,43,111,146
4080,М,37,170,142
4081,null,37,185,197
4082,Ж,29,200,191
4083,М,42,159,182
4084,М,33,121,169
4085,Ж,27,182,169
4086,М,34,91,170
4087,Ж,23,178,162
4088,М,43,136,142
4089,М,25,73,148
4090,Ж,25,187,192
4091,Ж,27,117,182
4092,М,55,150,187
4093,Ж,50,76,147
4094,Ж,28,176,178
4095,Ж,26,82,187
4096,М,25,127,176
4097,М,53,128,191
4098,М,24,171,174
4099,Ж,49,84,192
4100,Ж,26,136,194
4101,М,46,158,173
4102,Ж,46,170,182
4103,Ж,31,164,845
4104,М,34,65,200
4105,М,24,92,153
4106,М,23,163,186
4107,Ж,50,182,143
4108,Ж,37,131,143
4109,null,32,103,151
4110,Ж,54,108,162
4111,Ж,54,109,158
4112,Ж,45,144,905
4113,М,26,191,185
4114,М,49,191,167
4115,М,38,97,178
4116,М,34,59,186
4117,М,51,185,200
4118,М,28,95,163
4119,Ж,54,186,194
4120,М,27,175,189
4121,Ж,52,129,169
4122,М,54,114,148
4123,М,46,188,512
4124,Ж,30,129,170
4125,М,33,190,155
4126,Ж,37,155,188
4127,М,26,166,193
4128,М,52,56,160
4129,М,33,196,176
4130,М,29,118,166
4131,М,42,153,455
4132,М,35,67,198
4133,М,35,89,192
4134,М,45,120,142
4135,Ж,36,63,160
4136,Ж,48,187,154
4137,М,36,172,183
4138,Ж,33,128,192
4139,М,43,118,199
4140,Ж,28,200,186
4141,Ж,28,172,145
4142,М,51,71,141
4143,М,33,136,188
4144,М,35,96,151
4145,Ж,28,152,186
4146,Ж,29,95,878
4147,М,31,70,140
4148,М,53,79,157
4149,М,35,143,200
4150,М,49,115,142
4151,М,34,56,158
4152,М,34,125,170
4153,М,37,169,142
4154,Ж,27,140,148
4155,Ж,39,130,147
4156,Ж,27,113,172
4157,Ж,35,178,166
4158,М,44,88,198
4159,М,25,149,189
4160,М,24,141,193
4161,М,40,69,178
4162,М,23,142,187
4163,null,50,185,157
4164,Ж,53,82,187
4165,Ж,50,124,162
4166,М,30,106,176
4167,Ж,29,92,158
4168,М,28,183,182
4169,Ж,51,80,174
4170,Ж,231,200,195
4171,М,42,170,170
4172,М,45,197,171
4173,Ж,50,135,178
4174,М,30,54,451
4175,Ж,44,194,146
4176,Ж,29,79,158
4177,Ж,29,127,182
4178,М,48,152,157
4179,Ж,52,146,173
4180,Ж,33,71,195
4181,М,27,52,171
4182,М,29,138,159
4183,М,23,97,200
4184,М,48,112,200
4185,Ж,45,190,141
4186,Ж,41,77,170
4187,М,25,80,156
4188,М,55,188,182
4189,Ж,55,55,158
4190,М,52,189,154
4191,М,34,187,177
4192,М,41,157,174
4193,М,24,91,163
4194,М,45,75,480
4195,Ж,26,58,195
4196,М,29,123,172
4197,Ж,49,92,188
4198,Ж,52,193,147
4199,Ж,52,127,170
4200,null,23,73,182
4201,Ж,44,190,153
4202,М,43,102,180
4203,М,23,79,151
4204,Ж,38,110,171
4205,М,41,193,173
4206,М,31,81,197
4207,Ж,55,161,193
4208,М,45,181,150
4209,Ж,42,184,168
4210,null,34,175,197
4211,Ж,29,94,199
4212,М,50,50,162
4213,М,42,98,147
4214,null,43,139,182
4215,М,52,199,157
4216,Ж,38,177,161
4217,Ж,36,101,190
4218,М,36,84,176
4219,М,50,168,180
4220,Ж,41,163,148
4221,М,26,139,183
4222,М,40,163,165
4223,Ж,32,89,197
4224,Ж,45,161,196
4225,М,29,179,189
4226,Ж,39,54,140
4227,М,52,136,146
4228,Ж,53,95,151
4229,Ж,50,79,172
4230,М,50,125,152
4231,Ж,45,143,158
4232,Ж,48,144,165
4233,М,36,125,186
4234,М,31,99,146
4235,Ж,44,178,178
4236,М,42,120,192
4237,М,45,134,181
4238,М,33,186,143
4239,Ж,43,199,163
4240,М,55,73,168
4241,М,30,65,189
4242,М,38,128,145
4243,Ж,45,104,405
4244,Ж,49,166,173
4245,М,53,126,174
4246,М,40,90,167
4247,М,49,116,143
4248,Ж,43,163,141
4249,Ж,42,143,142
4250,М,37,197,156
4251,Ж,28,70,184
4252,М,27,192,182
4253,М,49,51,154
4254,М,39,198,183
4255,Ж,26,135,184
4256,Ж,51,164,187
4257,М,48,78,141
4258,Ж,48,145,170
4259,М,41,141,189
4260,Ж,46,200,186
4261,М,50,172,184
4262,Ж,329,71,176
4263,Ж,55,50,161
4264,М,29,102,196
4265,М,41,119,140
4266,Ж,53,180,189
4267,М,54,70,171
4268,Ж,25,110,170
4269,Ж,37,103,199
4270,Ж,32,174,164
4271,Ж,42,120,195
4272,М,38,125,166
4273,М,48,117,153
4274,Ж,39,148,196
4275,М,37,155,197
4276,М,46,89,177
4277,М,25,188,310
4278,М,43,93,197
4279,null,40,150,152
4280,Ж,41,126,197
4281,Ж,49,120,183
4282,Ж,54,129,164
4283,М,51,169,165
4284,Ж,24,58,841
4285,М,27,175,191
4286,М,41,83,163
4287,Ж,26,113,187
4288,М,50,129,174
4289,Ж,49,147,158
4290,М,24,113,162
4291,Ж,32,65,150
4292,Ж,31,155,168
4293,Ж,41,133,159
4294,Ж,43,156,153
4295,Ж,43,84,148
4296,М,27,129,145
4297,М,54,89,705
4298,М,48,120,176
4299,М,38,173,182
4300,Ж,24,192,187
4301,М,52,198,167
4302,М,42,97,983
4303,Ж,30,85,140
4304,Ж,23,145,172
4305,М,23,120,171
4306,Ж,51,180,152
4307,М,47,77,182
4308,М,38,179,163
4309,Ж,52,196,167
4310,М,49,63,155
4311,Ж,42,130,163
4312,Ж,51,179,145
4313,Ж,32,94,169
4314,Ж,49,86,175
4315,М,44,182,195
4316,Ж,43,130,161
4317,Ж,48,127,175
4318,М,46,53,171
4319,М,34,100,150
4320,М,53,83,148
4321,М,46,157,171
4322,Ж,29,167,695
4323,Ж,55,170,175
4324,Ж,28,62,152
4325,Ж,42,64,194
4326,Ж,31,71,167
4327,null,54,134,154
4328,М,25,114,144
4329,Ж,23,127,163
4330,Ж,48,194,196
4331,Ж,43,112,162
4332,Ж,51,63,185
4333,М,35,166,172
4334,М,54,171,146
4335,М,47,67,140
4336,М,42,162,154
4337,Ж,25,121,167
4338,Ж,55,58,181
4339,null,39,196,155
4340,Ж,46,172,141
4341,М,48,200,148
4342,Ж,24,154,144
4343,М,329,153,183
4344,М,46,96,182
4345,М,41,158,160
4346,М,36,92,191
4347,М,55,51,165
4348,М,35,132,158
4349,Ж,41,115,141
4350,Ж,44,71,192
4351,М,23,196,141
4352,Ж,49,143,161
4353,Ж,50,96,166
4354,Ж,32,147,178
4355,М,51,184,155
4356,Ж,33,147,155
4357,М,39,111,178
4358,Ж,46,106,184
4359,Ж,53,93,170
4360,М,34,50,194
4361,Ж,46,167,151
4362,Ж,47,188,162
4363,М,27,52,188
4364,Ж,32,160,167
4365,Ж,30,150,149
4366,М,52,154,142
4367,Ж,33,171,179
4368,Ж,48,158,159
4369,М,40,75,157
4370,Ж,35,86,177
4371,Ж,31,52,199
4372,М,41,179,146
4373,М,31,184,147
4374,М,47,101,191
4375,М,43,145,156
4376,Ж,211,72,173
4377,М,48,144,165
4378,М,45,155,183
4379,М,53,152,172
4380,Ж,54,137,158
4381,Ж,41,88,145
4382,Ж,47,147,190
4383,М,45,168,152
4384,М,55,68,188
4385,М,36,95,173
4386,М,45,154,192
4387,М,53,141,196
4388,М,32,129,180
4389,Ж,45,64,191
4390,М,36,136,154
4391,Ж,43,98,163
4392,М,44,98,189
4393,М,28,121,142
4394,Ж,25,158,159
4395,Ж,30,87,186
4396,Ж,39,140,150
4397,Ж,32,142,165
4398,Ж,41,182,185
4399,Ж,258,92,174
4400,Ж,27,114,167
4401,М,34,113,176
4402,М,25,58,197
4403,Ж,51,73,188
4404,М,28,186,146
4405,М,53,120,144
4406,Ж,26,115,181
4407,М,41,96,162
4408,М,37,165,189
4409,М,290,181,162
4410,М,40,116,195
4411,Ж,35,60,184
4412,М,40,103,171
4413,Ж,33,103,159
4414,Ж,25,200,196
4415,М,29,77,172
4416,Ж,29,68,168
4417,Ж,38,116,188
4418,Ж,52,129,194
4419,М,26,99,934
4420,М,27,181,146
4421,Ж,27,143,189
4422,Ж,44,117,196
4423,М,54,58,184
4424,Ж,31,190,175
4425,Ж,316,156,142
4426,Ж,34,176,178
4427,Ж,31,149,145
4428,Ж,26,51,195
4429,Ж,276,119,194
4430,М,48,122,180
4431,Ж,28,84,148
4432,Ж,43,163,160
4433,Ж,37,152,165
4434,Ж,35,194,166
4435,Ж,33,94,145
4436,М,37,99,196
4437,М,25,167,154
4438,Ж,45,171,199
4439,Ж,51,116,187
4440,Ж,47,105,197
4441,Ж,45,167,187
4442,null,55,154,188
4443,М,35,71,178
4444,М,250,173,153
4445,М,38,176,182
4446,Ж,48,161,152
4447,Ж,266,126,166
4448,М,36,50,190
4449,null,32,51,192
4450,Ж,49,180,145
4451,М,31,153,183
4452,М,30,127,195
4453,Ж,49,189,141
4454,М,26,152,164
4455,Ж,38,179,188
4456,М,24,119,161
4457,М,43,156,175
4458,Ж,36,174,174
4459,Ж,32,131,147
4460,М,47,134,188
4461,М,33,183,157
4462,null,32,88,143
4463,М,26,161,187
4464,М,53,80,178
4465,Ж,54,108,183
4466,Ж,39,176,165
4467,М,35,82,156
4468,Ж,32,84,142
4469,М,43,84,157
4470,М,25,115,163
4471,М,40,98,188
4472,Ж,31,197,174
4473,М,25,58,168
4474,М,230,184,168
4475,Ж,40,108,140
4476,М,42,105,190
4477,Ж,44,66,145
4478,Ж,30,171,165
4479,М,50,54,188
4480,М,35,135,155
4481,М,36,149,765
4482,Ж,39,140,172
4483,Ж,35,51,147
4484,М,47,160,165
4485,Ж,33,101,159
4486,Ж,47,89,149
4487,Ж,52,116,143
4488,М,40,193,155
4489,М,38,196,177
4490,Ж,28,147,181
4491,М,47,89,681
4492,Ж,38,151,175
4493,М,51,164,163
4494,Ж,47,122,177
4495,Ж,52,115,170
4496,М,236,64,177
4497,Ж,28,80,185
4498,М,49,70,167
4499,Ж,42,114,147
4500,М,40,159,152
4501,М,41,104,143
4502,null,33,95,152
4503,М,23,197,169
4504,Ж,44,65,168
4505,Ж,38,110,141
4506,М,52,77,197
4507,М,35,56,187
4508,Ж,49,85,200
4509,Ж,36,61,169
4510,М,28,152,140
4511,null,36,156,155
4512,Ж,29,188,193
4513,Ж,34,166,758
4514,М,37,68,180
4515,Ж,23,59,195
4516,Ж,44,84,160
4517,М,24,59,169
4518,М,51,95,144
4519,М,28,124,178
4520,М,28,171,160
4521,М,53,183,176
4522,М,34,146,147
4523,null,31,134,152
4524,М,27,96,160
4525,М,43,172,168
4526,Ж,32,84,176
4527,Ж,40,127,161
4528,М,27,199,142
4529,Ж,39,100,175
4530,Ж,35,134,180
4531,Ж,26,137,815
4532,null,54,197,142
4533,М,49,110,152
4534,Ж,28,88,141
4535,М,28,80,182
4536,М,52,166,155
4537,М,51,156,191
4538,М,29,172,143
4539,Ж,49,50,931
4540,Ж,29,126,178
4541,М,40,98,153
4542,null,30,160,185
4543,Ж,48,123,183
4544,Ж,35,150,164
4545,Ж,24,191,156
4546,Ж,28,117,192
4547,Ж,27,117,151
4548,М,31,138,199
4549,Ж,40,77,159
4550,Ж,52,161,178
4551,М,25,160,172
4552,М,43,138,175
4553,Ж,34,115,180
4554,М,33,92,187
4555,М,28,63,174
4556,М,52,63,188
4557,Ж,49,76,189
4558,М,49,132,170
4559,М,39,73,169
4560,Ж,32,93,163
4561,Ж,50,89,194
4562,М,25,139,182
4563,Ж,30,56,200
4564,Ж,36,82,188
4565,Ж,217,181,150
4566,М,52,103,153
4567,Ж,44,68,196
4568,М,35,178,187
4569,М,47,199,144
4570,Ж,30,116,179
4571,М,44,168,165
4572,Ж,27,145,151
4573,М,266,75,187
4574,Ж,47,56,142
4575,Ж,24,170,192
4576,Ж,43,163,171
4577,Ж,38,139,170
4578,М,29,84,195
4579,М,42,59,176
4580,Ж,50,82,192
4581,М,39,108,801
4582,Ж,41,58,176
4583,Ж,38,84,173
4584,null,47,64,147
4585,Ж,43,181,157
4586,М,44,122,197
4587,Ж,35,122,144
4588,Ж,30,113,152
4589,М,35,84,185
4590,М,34,92,163
4591,М,55,150,196
4592,Ж,44,181,158
4593,Ж,45,128,162
4594,Ж,31,164,181
4595,Ж,30,129,157
4596,М,335,79,155
4597,М,55,154,153
4598,М,201,127,154
4599,Ж,44,58,196
4600,М,43,99,195
4601,Ж,31,140,193
4602,Ж,42,155,199
4603,М,34,56,153
4604,М,29,84,152
4605,Ж,35,142,151
4606,М,33,58,188
4607,Ж,37,150,144
4608,М,42,153,146
4609,М,47,66,153
4610,Ж,26,65,185
4611,М,41,190,650
4612,Ж,36,64,197
4613,Ж,29,67,141
4614,null,29,191,178
4615,Ж,50,95,140
4616,М,44,109,175
4617,Ж,35,145,506
4618,М,23,190,143
4619,Ж,30,113,168
4620,М,23,98,140
4621,Ж,45,150,192
4601,М,36,117,192
4602,Ж,40,153,156
4603,null,43,103,168
4604,Ж,33,63,175
4605,М,31,164,173
4606,Ж,29,159,176
4607,М,44,106,199
4608,М,41,103,175
4609,Ж,43,180,189
4610,М,36,64,174
4611,М,43,186,161
4612,М,25,120,155
4613,М,48,70,194
4614,Ж,34,143,144
4615,М,31,84,191
4616,Ж,31,63,175
4617,М,27,99,143
4618,Ж,42,169,195
4619,М,40,68,194
4620,М,52,190,159
4621,Ж,36,121,173
4622,М,38,152,161
4623,М,47,70,165
4624,Ж,41,114,200
4625,М,25,119,143
4626,Ж,45,108,168
4627,Ж,40,155,178
4628,null,27,61,154
4629,Ж,32,85,191
4630,Ж,32,52,149
4631,Ж,31,195,192
4632,Ж,25,91,184
4633,Ж,38,150,153
4634,Ж,340,137,192
4635,Ж,47,62,168
4636,Ж,47,145,165
4637,М,349,91,179
4638,М,31,151,164
4639,Ж,26,150,167
4640,М,48,135,184
4641,М,45,120,185
4642,М,45,167,173
4643,М,51,200,153
4644,М,30,94,177
4645,М,54,132,170
4646,Ж,42,164,194
4647,Ж,46,124,142
4648,М,33,82,160
4649,М,40,128,150
4650,М,23,141,175
4651,М,301,141,162
4652,М,23,117,164
4653,Ж,23,170,148
4654,Ж,44,74,140
4655,null,54,51,200
4656,Ж,26,159,161
4657,М,37,199,197
4658,Ж,29,114,173
4659,М,55,122,148
4660,М,25,52,177
4661,Ж,45,66,187
4662,null,43,52,199
4663,Ж,49,113,161
4664,М,23,187,187
4665,М,30,182,198
4666,М,49,157,171
4667,М,55,144,199
4668,null,53,81,193
4669,Ж,50,79,174
4670,М,23,73,170
4671,null,53,130,144
4672,null,26,64,195
4673,Ж,40,134,182
4674,М,26,199,198
4675,Ж,40,111,179
4676,М,49,116,151
4677,Ж,26,111,176
4678,Ж,42,63,193
4679,Ж,45,138,163
4680,Ж,40,118,188
4681,Ж,35,83,189
4682,Ж,28,59,197
4683,М,46,85,171
4684,null,30,130,142
4685,М,24,178,192
4686,М,50,192,164
4687,М,29,174,171
4688,Ж,41,58,151
4689,Ж,30,115,196
4690,null,38,62,193
4691,Ж,50,127,195
4692,М,25,74,185
4693,М,24,175,187
4694,М,213,80,164
4695,Ж,54,137,181
4696,Ж,28,72,150
4697,Ж,32,88,158
4698,М,53,133,150
4699,Ж,36,103,194
4700,М,52,70,148
4701,М,49,102,170
4702,М,254,68,156
4703,М,28,63,181
4704,М,231,186,160
4705,М,54,181,183
4706,Ж,32,189,193
4707,М,42,110,145
4708,М,44,150,176
4709,М,41,128,160
4710,М,44,162,175
4711,М,49,81,144
4712,М,41,138,155
4713,М,42,99,158
4714,Ж,55,82,190
4715,Ж,39,137,144
4716,М,29,130,178
4717,М,51,102,186
4718,Ж,49,174,182
4719,М,46,89,147
4720,Ж,33,180,188
4721,М,55,104,185
4722,М,24,65,167
4723,Ж,51,118,194
4724,Ж,27,131,144
4725,М,46,76,142
4726,М,54,149,140
4727,Ж,36,101,184
4728,М,31,183,146
4729,Ж,36,87,165
4730,М,30,189,181
4731,М,24,170,149
4732,Ж,41,58,147
4733,М,47,88,199
4734,М,43,139,168
4735,Ж,48,139,153
4736,Ж,25,124,161
4737,М,34,191,183
4738,Ж,49,85,177
4739,Ж,23,124,179
4740,Ж,30,169,158
4741,М,30,169,140
4742,Ж,51,191,164
4743,Ж,42,151,162
4744,М,23,144,179
4745,М,55,118,155
4746,Ж,52,79,199
4747,М,37,200,178
4748,null,44,91,196
4749,null,50,141,153
4750,М,45,82,152
4751,М,40,53,155
4752,Ж,51,154,149
4753,Ж,51,178,150
4754,Ж,55,171,150
4755,Ж,49,169,154
4756,Ж,23,135,147
4757,М,35,126,189
4758,М,37,78,158
4759,М,53,82,156
4760,М,26,148,142
4761,М,37,140,149
4762,М,47,197,146
4763,Ж,31,105,158
4764,Ж,49,68,161
4765,М,29,59,181
4766,Ж,36,129,172
4767,Ж,322,77,188
4768,Ж,39,131,154
4769,М,27,175,143
4770,Ж,41,82,153
4771,М,30,118,152
4772,Ж,27,118,196
4773,Ж,44,179,195
4774,М,53,109,166
4775,М,24,141,166
4776,Ж,27,106,144
4777,Ж,55,88,200
4778,Ж,37,184,191
4779,Ж,39,78,179
4780,М,44,126,190
4781,М,27,137,164
4782,М,299,154,196
4783,М,45,73,159
4784,М,37,115,194
4785,Ж,47,118,184
4786,М,41,200,165
4787,Ж,44,173,180
4788,Ж,50,57,151
4789,Ж,33,174,152
4790,М,26,154,168
4791,М,23,127,179
4792,М,26,196,156
4793,Ж,34,55,193
4794,Ж,25,101,177
4795,Ж,48,131,181
4796,null,24,180,166
4797,М,26,147,154
4798,М,46,141,167
4799,null,47,133,183
4800,Ж,39,55,161
4801,М,27,149,161
4802,М,51,155,174
4803,Ж,55,157,142
4804,Ж,26,136,196
4805,М,269,123,177
4806,М,42,181,182
4807,Ж,34,116,151
4808,null,27,100,151
4809,Ж,24,51,185
4810,Ж,38,81,147
4811,М,47,119,185
4812,М,40,173,173
4813,М,34,144,154
4814,М,29,55,191
4815,М,33,149,178
4816,Ж,31,50,194
4817,Ж,25,191,141
4818,Ж,34,140,142
4819,null,39,80,167
4820,М,27,116,159
4821,М,44,106,142
4822,Ж,26,135,177
4823,Ж,46,119,144
4824,М,44,151,150
4825,Ж,38,78,200
4826,Ж,49,148,148
4827,Ж,41,163,169
4828,М,26,111,186
4829,Ж,43,86,168
4830,null,36,179,179
4831,null,54,124,160
4832,М,38,131,173
4833,М,39,52,197
4834,М,47,183,200
4835,М,53,185,158
4836,Ж,51,182,181
4837,Ж,28,92,189
4838,М,48,183,194
4839,Ж,35,65,165
4840,М,40,65,199
4841,М,27,170,185
4842,Ж,49,63,157
4843,М,27,193,143
4844,М,28,169,187
4845,Ж,40,107,181
4846,Ж,32,163,191
4847,М,40,140,165
4848,Ж,43,124,183
4849,Ж,28,121,161
4850,Ж,23,74,165
4851,Ж,27,141,196
4852,null,52,106,161
4853,null,31,89,158
4854,Ж,26,141,149
4855,Ж,27,54,146
4856,М,39,154,154
4857,Ж,24,178,188
4858,М,32,189,196
4859,Ж,52,154,168
4860,Ж,48,105,174
4861,Ж,41,131,176
4862,Ж,49,190,178
4863,Ж,29,73,179
4864,Ж,45,130,158
4865,Ж,46,154,166
4866,null,40,50,148
4867,М,51,122,187
4868,М,48,140,186
4869,Ж,41,135,162
4870,Ж,30,122,155
4871,Ж,29,179,189
4872,Ж,45,84,183
4873,М,49,116,155
4874,null,39,102,185
4875,М,30,173,189
4876,Ж,54,171,181
4877,Ж,44,104,182
4878,М,32,138,156
4879,Ж,46,187,184
4880,Ж,29,135,191
4881,М,27,183,152
4882,Ж,42,92,141
4883,Ж,51,61,148
4884,Ж,45,68,154
4885,Ж,35,59,148
4886,Ж,41,121,186
4887,М,40,67,158
4888,М,48,189,188
4889,Ж,36,60,200
4890,Ж,28,100,141
4891,Ж,54,102,178
4892,null,47,74,179
4893,М,36,181,178
4894,Ж,35,198,184
4895,Ж,50,182,168
4896,Ж,48,117,169
4897,М,48,131,196
4898,Ж,31,200,167
4899,М,37,196,164
4900,М,54,99,148
4901,Ж,51,75,156
4902,М,50,126,183
4903,М,38,194,199
4904,null,31,198,167
4905,Ж,25,132,154
4906,М,37,187,181
4907,null,40,189,174
4908,Ж,311,56,187
4909,М,39,191,157
4910,Ж,28,104,174
4911,М,313,82,162
4912,М,55,197,179
4913,Ж,30,171,165
4914,Ж,54,60,187
4915,Ж,43,69,172
4916,null,50,54,140
4917,Ж,48,165,197
4918,Ж,36,158,199
4919,Ж,39,95,176
4920,Ж,27,69,155
4921,Ж,28,77,186
4922,М,35,175,155
4923,М,54,195,160
4924,Ж,26,132,146
4925,М,41,192,149
4926,Ж,52,85,162
4927,Ж,50,69,181
4928,М,28,149,165
4929,М,26,146,194
4930,Ж,23,81,185
4931,Ж,43,102,195
4932,М,23,128,198
4933,Ж,54,136,145
4934,Ж,44,115,157
4935,М,44,124,181
4936,М,51,71,142
4937,null,31,151,193
4938,М,31,103,154
4939,М,52,102,175
4940,Ж,41,57,167
4941,М,35,175,198
4942,Ж,23,139,163
4943,Ж,23,147,165
4944,М,43,185,153
4945,М,30,114,140
4946,Ж,257,106,140
4947,М,38,149,166
4948,null,28,73,151
4949,Ж,37,118,193
4950,М,51,83,153
4951,Ж,41,57,183
4952,М,28,70,195
4953,Ж,23,134,195
4954,М,39,129,140
4955,Ж,28,52,168
4956,Ж,39,152,155
4957,М,33,107,166
4958,М,34,123,154
4959,Ж,55,198,197
4960,М,48,62,194
4961,Ж,26,111,140
4962,Ж,40,121,178
4963,М,28,51,176
4964,М,55,150,165
4965,Ж,41,108,144
4966,М,54,87,200
4967,Ж,44,146,145
4968,М,51,108,179
4969,Ж,23,188,187
4970,М,43,110,158
4971,Ж,43,149,172
4972,Ж,42,86,183
4973,М,27,81,174
4974,М,42,139,158
4975,М,289,133,168
4976,Ж,45,138,197
4977,Ж,24,196,173
4978,Ж,42,121,146
4979,Ж,48,183,157
4980,Ж,44,103,151
4981,Ж,43,105,181
4982,Ж,54,105,179
4983,М,36,91,200
4984,Ж,53,133,165
4985,М,35,186,146
4986,М,52,177,181
4987,Ж,46,132,140
4988,М,28,126,180
4989,Ж,51,140,172
4990,М,36,165,141
4991,М,54,91,156
4992,null,54,105,177
4993,М,39,139,164
4994,М,26,78,146
4995,Ж,54,147,159
4996,null,26,186,146
4997,Ж,32,67,152
4998,Ж,36,130,180
4999,М,48,118,164
