id,Рост,Вес,Алгоритм_1,Алгоритм_2,Алгоритм_3
0.0,109,48.0,2.0,1.0,1.0
1.0,28,18.0,1.0,1.0,2.0
2.0,109,44.0,2.0,1.0,3.0
3.0,52,19.0,1.0,1.0,4.0
4.0,44,16.0,1.0,1.0,1.0
5.0,190,78.0,3.0,2.0,1.0
6.0,165,96.0,3.0,2.0,2.0
7.0,91,53.0,2.0,1.0,3.0
8.0,29,12.0,1.0,1.0,4.0
9.0,173,89.0,3.0,2.0,2.0
10.0,160,74.0,3.0,2.0,2.0
11.0,171,81.0,3.0,2.0,1.0
12.0,53,24.0,1.0,1.0,1.0
13.0,25,20.0,1.0,1.0,4.0
14.0,30,14.0,1.0,1.0,2.0
15.0,177,89.0,3.0,2.0,4.0
16.0,187,71.0,3.0,2.0,4.0
17.0,50,21.0,1.0,1.0,4.0
18.0,109,43.0,2.0,1.0,3.0
19.0,105,44.0,2.0,1.0,4.0
20.0,42,11.0,1.0,1.0,4.0
21.0,109,41.0,2.0,1.0,2.0
22.0,95,55.0,2.0,1.0,1.0
23.0,58,15.0,1.0,1.0,2.0
24.0,28,17.0,1.0,1.0,3.0
25.0,59,12.0,1.0,1.0,3.0
26.0,22,25.0,1.0,1.0,3.0
27.0,21,10.0,1.0,1.0,3.0
28.0,176,97.0,3.0,2.0,4.0
29.0,188,97.0,3.0,2.0,2.0
30.0,35,14.0,1.0,1.0,4.0
31.0,54,15.0,1.0,1.0,3.0
32.0,190,72.0,3.0,2.0,2.0
33.0,90,57.0,2.0,1.0,4.0
34.0,49,25.0,1.0,1.0,3.0
35.0,101,42.0,2.0,1.0,3.0
36.0,120,57.0,2.0,1.0,2.0
37.0,189,72.0,3.0,2.0,2.0
38.0,171,73.0,3.0,2.0,2.0
39.0,50,22.0,1.0,1.0,4.0
40.0,56,23.0,1.0,1.0,3.0
41.0,115,58.0,2.0,1.0,1.0
42.0,27,20.0,1.0,1.0,4.0
43.0,29,25.0,1.0,1.0,2.0
44.0,185,100.0,3.0,2.0,4.0
45.0,104,59.0,2.0,1.0,2.0
46.0,185,89.0,3.0,2.0,3.0
48.0,97,54.0,2.0,1.0,2.0
49.0,40,18.0,1.0,1.0,3.0
50.0,178,91.0,3.0,2.0,3.0
51.0,102,53.0,2.0,1.0,3.0
52.0,45,25.0,1.0,1.0,2.0
53.0,32,19.0,1.0,1.0,4.0
54.0,174,90.0,3.0,2.0,4.0
55.0,25,10.0,1.0,1.0,4.0
56.0,41,12.0,1.0,1.0,2.0
57.0,171,98.0,3.0,2.0,2.0
58.0,105,51.0,2.0,1.0,3.0
59.0,118,45.0,2.0,1.0,4.0
60.0,109,57.0,2.0,1.0,3.0
61.0,185,88.0,3.0,2.0,2.0
62.0,93,55.0,2.0,1.0,4.0
63.0,41,10.0,1.0,1.0,1.0
64.0,35,24.0,1.0,1.0,4.0
65.0,170,76.0,3.0,2.0,1.0
66.0,180,97.0,3.0,2.0,3.0
67.0,52,21.0,1.0,1.0,2.0
68.0,92,50.0,2.0,1.0,2.0
69.0,36,22.0,1.0,1.0,1.0
70.0,102,45.0,2.0,1.0,2.0
71.0,60,12.0,1.0,1.0,1.0
72.0,188,72.0,3.0,2.0,3.0
73.0,40,17.0,1.0,1.0,1.0
74.0,183,80.0,3.0,2.0,3.0
75.0,172,97.0,3.0,2.0,4.0
76.0,48,25.0,1.0,1.0,2.0
77.0,118,46.0,2.0,1.0,4.0
78.0,113,42.0,2.0,1.0,4.0
79.0,117,46.0,2.0,1.0,2.0
80.0,31,15.0,1.0,1.0,1.0
81.0,190,93.0,3.0,2.0,4.0
82.0,107,49.0,2.0,1.0,3.0
83.0,118,55.0,2.0,1.0,3.0
84.0,171,78.0,3.0,2.0,1.0
85.0,172,98.0,3.0,2.0,3.0
86.0,41,21.0,1.0,1.0,3.0
87.0,45,23.0,1.0,1.0,3.0
88.0,36,12.0,1.0,1.0,3.0
89.0,36,19.0,1.0,1.0,1.0
90.0,166,100.0,3.0,2.0,3.0
91.0,28,21.0,1.0,1.0,4.0
92.0,163,97.0,3.0,2.0,3.0
93.0,92,55.0,2.0,1.0,3.0
94.0,50,16.0,1.0,1.0,2.0
95.0,111,58.0,2.0,1.0,1.0
96.0,168,79.0,3.0,2.0,2.0
97.0,95,41.0,2.0,1.0,4.0
98.0,25,13.0,1.0,1.0,3.0
99.0,52,21.0,1.0,1.0,1.0
100.0,54,18.0,1.0,1.0,4.0
101.0,173,89.0,3.0,2.0,4.0
102.0,57,19.0,1.0,1.0,4.0
103.0,118,58.0,2.0,1.0,3.0
104.0,166,82.0,3.0,2.0,4.0
105.0,180,94.0,3.0,2.0,2.0
106.0,176,88.0,3.0,2.0,1.0
107.0,29,23.0,1.0,1.0,1.0
108.0,109,42.0,2.0,1.0,2.0
109.0,42,10.0,1.0,1.0,4.0
110.0,181,81.0,3.0,2.0,2.0
111.0,182,72.0,3.0,2.0,3.0
112.0,90,48.0,2.0,1.0,3.0
113.0,183,84.0,3.0,2.0,4.0
114.0,163,88.0,3.0,2.0,4.0
115.0,21,15.0,1.0,1.0,2.0
116.0,169,85.0,3.0,2.0,1.0
117.0,29,13.0,1.0,1.0,4.0
118.0,174,99.0,3.0,2.0,2.0
119.0,54,18.0,1.0,1.0,1.0
120.0,44,18.0,1.0,1.0,2.0
121.0,116,58.0,2.0,1.0,2.0
122.0,190,100.0,3.0,2.0,1.0
123.0,30,24.0,1.0,1.0,4.0
124.0,114,57.0,2.0,1.0,3.0
125.0,42,17.0,1.0,1.0,1.0
126.0,48,10.0,1.0,1.0,2.0
127.0,174,70.0,3.0,2.0,2.0
128.0,28,15.0,1.0,1.0,4.0
129.0,174,74.0,3.0,2.0,2.0
130.0,175,97.0,3.0,2.0,4.0
131.0,110,60.0,2.0,1.0,4.0
132.0,101,41.0,2.0,1.0,1.0
133.0,94,49.0,2.0,1.0,2.0
134.0,52,22.0,1.0,1.0,4.0
135.0,188,98.0,3.0,2.0,3.0
136.0,43,15.0,1.0,1.0,4.0
137.0,100,47.0,2.0,1.0,3.0
138.0,52,23.0,1.0,1.0,2.0
139.0,92,56.0,2.0,1.0,1.0
140.0,109,46.0,2.0,1.0,3.0
141.0,96,45.0,2.0,1.0,4.0
142.0,47,18.0,1.0,1.0,1.0
143.0,161,71.0,3.0,2.0,3.0
144.0,32,24.0,1.0,1.0,1.0
145.0,165,87.0,3.0,2.0,1.0
146.0,162,82.0,3.0,2.0,3.0
147.0,111,45.0,2.0,1.0,3.0
148.0,188,94.0,3.0,2.0,2.0
149.0,56,16.0,1.0,1.0,2.0
150.0,51,14.0,1.0,1.0,2.0
151.0,109,60.0,2.0,1.0,2.0
152.0,46,11.0,1.0,1.0,4.0
153.0,34,17.0,1.0,1.0,3.0
154.0,168,81.0,3.0,2.0,2.0
155.0,59,11.0,1.0,1.0,4.0
156.0,164,81.0,3.0,2.0,4.0
157.0,47,24.0,1.0,1.0,3.0
158.0,104,59.0,2.0,1.0,3.0
160.0,161,95.0,3.0,2.0,3.0
161.0,183,86.0,3.0,2.0,4.0
162.0,181,96.0,3.0,2.0,1.0
163.0,52,19.0,1.0,1.0,1.0
164.0,114,60.0,2.0,1.0,1.0
166.0,176,89.0,3.0,2.0,2.0
167.0,116,51.0,2.0,1.0,3.0
168.0,118,46.0,2.0,1.0,1.0
169.0,44,12.0,1.0,1.0,2.0
170.0,120,58.0,2.0,1.0,1.0
171.0,107,50.0,2.0,1.0,3.0
173.0,39,23.0,1.0,1.0,3.0
175.0,190,90.0,3.0,2.0,1.0
176.0,186,82.0,3.0,2.0,3.0
178.0,98,40.0,2.0,1.0,1.0
179.0,59,17.0,1.0,1.0,2.0
180.0,110,48.0,2.0,1.0,4.0
181.0,105,50.0,2.0,1.0,3.0
182.0,26,25.0,1.0,1.0,2.0
183.0,190,94.0,3.0,2.0,1.0
184.0,117,56.0,2.0,1.0,1.0
185.0,160,78.0,3.0,2.0,4.0
186.0,96,56.0,2.0,1.0,1.0
187.0,162,95.0,3.0,2.0,2.0
188.0,114,54.0,2.0,1.0,1.0
189.0,97,53.0,2.0,1.0,3.0
191.0,184,98.0,3.0,2.0,1.0
192.0,53,21.0,1.0,1.0,1.0
193.0,54,23.0,1.0,1.0,4.0
194.0,41,15.0,1.0,1.0,3.0
195.0,40,13.0,1.0,1.0,1.0
196.0,38,22.0,1.0,1.0,1.0
197.0,107,40.0,2.0,1.0,3.0
198.0,116,55.0,2.0,1.0,1.0
199.0,57,19.0,1.0,1.0,3.0
200.0,164,78.0,3.0,2.0,3.0
201.0,116,50.0,2.0,1.0,2.0
202.0,49,20.0,1.0,1.0,3.0
203.0,160,93.0,3.0,2.0,4.0
204.0,59,12.0,1.0,1.0,1.0
205.0,161,74.0,3.0,2.0,3.0
206.0,99,46.0,2.0,1.0,4.0
207.0,181,94.0,3.0,2.0,3.0
208.0,184,90.0,3.0,2.0,1.0
209.0,36,14.0,1.0,1.0,3.0
210.0,42,11.0,1.0,1.0,3.0
211.0,90,42.0,2.0,1.0,1.0
212.0,38,19.0,1.0,1.0,1.0
213.0,167,83.0,3.0,2.0,4.0
214.0,91,59.0,2.0,1.0,3.0
215.0,40,11.0,1.0,1.0,2.0
216.0,175,73.0,3.0,2.0,2.0
217.0,56,21.0,1.0,1.0,2.0
218.0,171,89.0,3.0,2.0,3.0
219.0,50,11.0,1.0,1.0,4.0
220.0,113,46.0,2.0,1.0,2.0
221.0,103,46.0,2.0,1.0,1.0
222.0,90,58.0,2.0,1.0,4.0
223.0,49,22.0,1.0,1.0,4.0
224.0,165,98.0,3.0,2.0,2.0
225.0,22,21.0,1.0,1.0,3.0
226.0,24,10.0,1.0,1.0,2.0
227.0,107,48.0,2.0,1.0,1.0
228.0,100,59.0,2.0,1.0,1.0
229.0,160,78.0,3.0,2.0,1.0
230.0,171,72.0,3.0,2.0,2.0
231.0,94,46.0,2.0,1.0,4.0
232.0,183,78.0,3.0,2.0,4.0
233.0,162,90.0,3.0,2.0,4.0
235.0,59,14.0,1.0,1.0,3.0
236.0,103,45.0,2.0,1.0,4.0
237.0,183,91.0,3.0,2.0,2.0
239.0,164,72.0,3.0,2.0,3.0
240.0,185,99.0,3.0,2.0,4.0
241.0,177,93.0,3.0,2.0,4.0
242.0,163,73.0,3.0,2.0,1.0
243.0,44,13.0,1.0,1.0,2.0
244.0,188,90.0,3.0,2.0,1.0
245.0,100,48.0,2.0,1.0,4.0
246.0,185,81.0,3.0,2.0,3.0
247.0,115,56.0,2.0,1.0,3.0
248.0,111,52.0,2.0,1.0,3.0
249.0,181,82.0,3.0,2.0,3.0
250.0,60,23.0,1.0,1.0,2.0
251.0,118,49.0,2.0,1.0,1.0
252.0,59,25.0,1.0,1.0,4.0
253.0,108,49.0,2.0,1.0,3.0
254.0,103,53.0,2.0,1.0,4.0
255.0,165,74.0,3.0,2.0,4.0
256.0,186,100.0,3.0,2.0,1.0
257.0,176,88.0,3.0,2.0,3.0
258.0,160,70.0,3.0,2.0,1.0
259.0,58,23.0,1.0,1.0,4.0
260.0,100,44.0,2.0,1.0,1.0
261.0,54,12.0,1.0,1.0,1.0
262.0,37,20.0,1.0,1.0,1.0
263.0,24,10.0,1.0,1.0,1.0
264.0,113,45.0,2.0,1.0,3.0
265.0,120,44.0,2.0,1.0,3.0
266.0,96,53.0,2.0,1.0,3.0
267.0,33,22.0,1.0,1.0,2.0
268.0,113,50.0,2.0,1.0,3.0
269.0,55,15.0,1.0,1.0,1.0
270.0,30,14.0,1.0,1.0,3.0
271.0,101,53.0,2.0,1.0,3.0
272.0,186,79.0,3.0,2.0,1.0
273.0,101,43.0,2.0,1.0,3.0
274.0,25,15.0,1.0,1.0,1.0
275.0,31,11.0,1.0,1.0,1.0
276.0,90,51.0,2.0,1.0,3.0
277.0,95,57.0,2.0,1.0,2.0
278.0,96,40.0,2.0,1.0,3.0
279.0,91,48.0,2.0,1.0,1.0
280.0,112,58.0,2.0,1.0,2.0
281.0,24,13.0,1.0,1.0,4.0
282.0,186,87.0,3.0,2.0,4.0
283.0,161,98.0,3.0,2.0,2.0
284.0,185,79.0,3.0,2.0,1.0
285.0,60,16.0,1.0,1.0,4.0
286.0,110,60.0,2.0,1.0,1.0
287.0,170,83.0,3.0,2.0,3.0
288.0,31,16.0,1.0,1.0,3.0
289.0,180,98.0,3.0,2.0,4.0
291.0,38,17.0,1.0,1.0,1.0
292.0,171,76.0,3.0,2.0,3.0
293.0,50,13.0,1.0,1.0,4.0
294.0,59,18.0,1.0,1.0,4.0
295.0,49,23.0,1.0,1.0,3.0
297.0,37,24.0,1.0,1.0,4.0
298.0,183,85.0,3.0,2.0,1.0
299.0,99,53.0,2.0,1.0,2.0
300.0,59,22.0,1.0,1.0,4.0
301.0,30,15.0,1.0,1.0,3.0
302.0,190,80.0,3.0,2.0,2.0
303.0,32,21.0,1.0,1.0,4.0
304.0,25,17.0,1.0,1.0,4.0
305.0,90,57.0,2.0,1.0,2.0
306.0,160,84.0,3.0,2.0,2.0
307.0,177,86.0,3.0,2.0,4.0
308.0,97,46.0,2.0,1.0,4.0
309.0,120,51.0,2.0,1.0,1.0
310.0,114,53.0,2.0,1.0,3.0
311.0,50,23.0,1.0,1.0,4.0
312.0,53,18.0,1.0,1.0,2.0
313.0,106,45.0,2.0,1.0,3.0
314.0,28,18.0,1.0,1.0,1.0
315.0,187,76.0,3.0,2.0,4.0
316.0,97,59.0,2.0,1.0,1.0
317.0,52,13.0,1.0,1.0,1.0
318.0,118,52.0,2.0,1.0,4.0
319.0,56,16.0,1.0,1.0,1.0
320.0,186,89.0,3.0,2.0,3.0
321.0,36,12.0,1.0,1.0,1.0
322.0,100,42.0,2.0,1.0,1.0
323.0,107,41.0,2.0,1.0,2.0
324.0,183,72.0,3.0,2.0,3.0
325.0,93,57.0,2.0,1.0,1.0
326.0,119,48.0,2.0,1.0,2.0
327.0,113,51.0,2.0,1.0,4.0
328.0,111,52.0,2.0,1.0,1.0
329.0,168,77.0,3.0,2.0,3.0
331.0,185,94.0,3.0,2.0,4.0
332.0,42,25.0,1.0,1.0,3.0
334.0,43,14.0,1.0,1.0,3.0
335.0,119,43.0,2.0,1.0,1.0
336.0,22,18.0,1.0,1.0,2.0
337.0,180,99.0,3.0,2.0,1.0
338.0,185,84.0,3.0,2.0,3.0
339.0,181,98.0,3.0,2.0,2.0
340.0,113,41.0,2.0,1.0,2.0
341.0,26,17.0,1.0,1.0,2.0
342.0,99,49.0,2.0,1.0,3.0
343.0,36,17.0,1.0,1.0,2.0
344.0,59,10.0,1.0,1.0,4.0
345.0,29,22.0,1.0,1.0,4.0
347.0,58,25.0,1.0,1.0,3.0
348.0,58,14.0,1.0,1.0,2.0
349.0,181,89.0,3.0,2.0,4.0
350.0,171,85.0,3.0,2.0,4.0
351.0,97,44.0,2.0,1.0,3.0
352.0,44,11.0,1.0,1.0,3.0
353.0,36,24.0,1.0,1.0,1.0
354.0,119,42.0,2.0,1.0,3.0
356.0,166,100.0,3.0,2.0,4.0
357.0,119,54.0,2.0,1.0,4.0
358.0,178,86.0,3.0,2.0,2.0
359.0,101,40.0,2.0,1.0,2.0
360.0,92,48.0,2.0,1.0,4.0
361.0,92,60.0,2.0,1.0,4.0
363.0,48,16.0,1.0,1.0,4.0
365.0,28,20.0,1.0,1.0,1.0
366.0,165,73.0,3.0,2.0,2.0
367.0,50,19.0,1.0,1.0,1.0
368.0,170,74.0,3.0,2.0,1.0
369.0,181,81.0,3.0,2.0,3.0
370.0,96,58.0,2.0,1.0,4.0
371.0,183,90.0,3.0,2.0,2.0
372.0,46,22.0,1.0,1.0,3.0
374.0,51,17.0,1.0,1.0,3.0
376.0,106,44.0,2.0,1.0,2.0
377.0,42,25.0,1.0,1.0,1.0
378.0,49,15.0,1.0,1.0,1.0
379.0,187,87.0,3.0,2.0,1.0
380.0,24,15.0,1.0,1.0,3.0
381.0,98,52.0,2.0,1.0,1.0
382.0,35,21.0,1.0,1.0,2.0
383.0,113,45.0,2.0,1.0,1.0
384.0,168,91.0,3.0,2.0,2.0
385.0,178,70.0,3.0,2.0,2.0
386.0,182,70.0,3.0,2.0,4.0
387.0,104,52.0,2.0,1.0,1.0
388.0,36,25.0,1.0,1.0,4.0
389.0,166,73.0,3.0,2.0,2.0
390.0,100,58.0,2.0,1.0,3.0
391.0,35,20.0,1.0,1.0,2.0
392.0,185,91.0,3.0,2.0,2.0
393.0,175,97.0,3.0,2.0,3.0
394.0,54,17.0,1.0,1.0,4.0
395.0,47,13.0,1.0,1.0,2.0
396.0,160,80.0,3.0,2.0,4.0
397.0,187,90.0,3.0,2.0,3.0
398.0,94,60.0,2.0,1.0,2.0
399.0,187,73.0,3.0,2.0,3.0
401.0,179,75.0,3.0,2.0,3.0
402.0,20,15.0,1.0,1.0,4.0
403.0,188,85.0,3.0,2.0,2.0
404.0,32,14.0,1.0,1.0,3.0
405.0,97,54.0,2.0,1.0,1.0
406.0,97,47.0,2.0,1.0,2.0
407.0,47,11.0,1.0,1.0,4.0
408.0,27,23.0,1.0,1.0,3.0
409.0,90,46.0,2.0,1.0,3.0
410.0,111,41.0,2.0,1.0,4.0
411.0,91,41.0,2.0,1.0,2.0
412.0,39,24.0,1.0,1.0,3.0
413.0,92,49.0,2.0,1.0,2.0
414.0,180,82.0,3.0,2.0,3.0
415.0,103,54.0,2.0,1.0,3.0
416.0,171,82.0,3.0,2.0,4.0
417.0,160,88.0,3.0,2.0,2.0
418.0,162,79.0,3.0,2.0,3.0
419.0,185,96.0,3.0,2.0,2.0
420.0,30,12.0,1.0,1.0,3.0
421.0,105,51.0,2.0,1.0,4.0
422.0,27,13.0,1.0,1.0,3.0
423.0,117,53.0,2.0,1.0,1.0
424.0,44,16.0,1.0,1.0,2.0
425.0,181,99.0,3.0,2.0,4.0
426.0,184,74.0,3.0,2.0,2.0
427.0,161,84.0,3.0,2.0,1.0
428.0,23,24.0,1.0,1.0,2.0
429.0,178,92.0,3.0,2.0,2.0
430.0,100,44.0,2.0,1.0,3.0
431.0,105,42.0,2.0,1.0,3.0
432.0,174,90.0,3.0,2.0,1.0
433.0,96,43.0,2.0,1.0,4.0
434.0,115,55.0,2.0,1.0,4.0
435.0,164,99.0,3.0,2.0,1.0
436.0,51,17.0,1.0,1.0,4.0
437.0,35,15.0,1.0,1.0,2.0
438.0,185,82.0,3.0,2.0,1.0
439.0,104,41.0,2.0,1.0,2.0
440.0,118,40.0,2.0,1.0,3.0
441.0,52,22.0,1.0,1.0,2.0
443.0,38,12.0,1.0,1.0,2.0
444.0,29,24.0,1.0,1.0,1.0
445.0,50,23.0,1.0,1.0,3.0
446.0,56,21.0,1.0,1.0,3.0
447.0,46,23.0,1.0,1.0,1.0
448.0,168,88.0,3.0,2.0,1.0
449.0,52,13.0,1.0,1.0,4.0
450.0,107,56.0,2.0,1.0,2.0
451.0,26,20.0,1.0,1.0,1.0
452.0,95,45.0,2.0,1.0,2.0
453.0,115,56.0,2.0,1.0,1.0
454.0,179,73.0,3.0,2.0,1.0
455.0,163,95.0,3.0,2.0,3.0
456.0,21,11.0,1.0,1.0,2.0
457.0,96,57.0,2.0,1.0,1.0
458.0,163,96.0,3.0,2.0,2.0
459.0,185,95.0,3.0,2.0,4.0
460.0,49,13.0,1.0,1.0,4.0
461.0,190,92.0,3.0,2.0,1.0
462.0,186,98.0,3.0,2.0,2.0
463.0,185,86.0,3.0,2.0,4.0
464.0,29,25.0,1.0,1.0,3.0
465.0,182,89.0,3.0,2.0,4.0
466.0,96,41.0,2.0,1.0,1.0
467.0,115,42.0,2.0,1.0,4.0
468.0,117,53.0,2.0,1.0,2.0
469.0,184,75.0,3.0,2.0,3.0
470.0,114,60.0,2.0,1.0,4.0
471.0,52,18.0,1.0,1.0,3.0
472.0,119,53.0,2.0,1.0,4.0
474.0,180,83.0,3.0,2.0,3.0
475.0,181,85.0,3.0,2.0,3.0
476.0,27,11.0,1.0,1.0,1.0
477.0,44,22.0,1.0,1.0,3.0
479.0,178,72.0,3.0,2.0,4.0
480.0,189,85.0,3.0,2.0,1.0
481.0,98,48.0,2.0,1.0,2.0
482.0,109,59.0,2.0,1.0,1.0
483.0,188,81.0,3.0,2.0,2.0
484.0,104,56.0,2.0,1.0,1.0
485.0,52,12.0,1.0,1.0,1.0
486.0,185,94.0,3.0,2.0,2.0
487.0,25,23.0,1.0,1.0,3.0
488.0,108,55.0,2.0,1.0,4.0
489.0,174,81.0,3.0,2.0,1.0
490.0,166,84.0,3.0,2.0,4.0
491.0,120,56.0,2.0,1.0,2.0
493.0,118,58.0,2.0,1.0,2.0
494.0,185,71.0,3.0,2.0,4.0
495.0,91,51.0,2.0,1.0,3.0
496.0,35,17.0,1.0,1.0,4.0
497.0,96,51.0,2.0,1.0,1.0
498.0,114,57.0,2.0,1.0,2.0
499.0,176,96.0,3.0,2.0,3.0
500.0,51,10.0,1.0,1.0,3.0
501.0,180,91.0,3.0,2.0,4.0
502.0,163,77.0,3.0,2.0,4.0
503.0,56,24.0,1.0,1.0,3.0
504.0,41,22.0,1.0,1.0,2.0
505.0,31,21.0,1.0,1.0,3.0
507.0,113,40.0,2.0,1.0,4.0
509.0,189,96.0,3.0,2.0,3.0
510.0,42,16.0,1.0,1.0,3.0
513.0,93,52.0,2.0,1.0,4.0
514.0,102,40.0,2.0,1.0,4.0
515.0,56,19.0,1.0,1.0,3.0
516.0,51,17.0,1.0,1.0,2.0
517.0,105,40.0,2.0,1.0,1.0
518.0,174,93.0,3.0,2.0,4.0
519.0,169,88.0,3.0,2.0,3.0
521.0,92,50.0,2.0,1.0,1.0
522.0,43,16.0,1.0,1.0,4.0
523.0,51,13.0,1.0,1.0,2.0
524.0,183,77.0,3.0,2.0,1.0
525.0,96,58.0,2.0,1.0,3.0
526.0,190,84.0,3.0,2.0,1.0
527.0,34,12.0,1.0,1.0,1.0
528.0,95,45.0,2.0,1.0,4.0
529.0,96,55.0,2.0,1.0,3.0
530.0,171,94.0,3.0,2.0,3.0
531.0,37,17.0,1.0,1.0,3.0
532.0,110,53.0,2.0,1.0,1.0
533.0,183,81.0,3.0,2.0,4.0
534.0,180,70.0,3.0,2.0,4.0
535.0,116,40.0,2.0,1.0,3.0
536.0,173,70.0,3.0,2.0,3.0
537.0,35,11.0,1.0,1.0,3.0
538.0,183,76.0,3.0,2.0,2.0
539.0,48,19.0,1.0,1.0,2.0
540.0,182,80.0,3.0,2.0,3.0
541.0,119,60.0,2.0,1.0,2.0
542.0,167,95.0,3.0,2.0,3.0
543.0,186,75.0,3.0,2.0,3.0
544.0,48,24.0,1.0,1.0,2.0
545.0,189,96.0,3.0,2.0,4.0
546.0,23,21.0,1.0,1.0,2.0
547.0,22,24.0,1.0,1.0,3.0
548.0,111,49.0,2.0,1.0,2.0
549.0,48,15.0,1.0,1.0,2.0
550.0,94,56.0,2.0,1.0,3.0
551.0,37,18.0,1.0,1.0,4.0
552.0,163,81.0,3.0,2.0,4.0
553.0,55,10.0,1.0,1.0,1.0
554.0,187,99.0,3.0,2.0,4.0
555.0,176,86.0,3.0,2.0,4.0
556.0,97,44.0,2.0,1.0,2.0
557.0,171,97.0,3.0,2.0,1.0
558.0,118,47.0,2.0,1.0,1.0
559.0,34,13.0,1.0,1.0,1.0
560.0,169,91.0,3.0,2.0,3.0
561.0,178,89.0,3.0,2.0,2.0
562.0,119,47.0,2.0,1.0,4.0
563.0,26,23.0,1.0,1.0,2.0
564.0,176,100.0,3.0,2.0,4.0
565.0,22,10.0,1.0,1.0,4.0
566.0,118,47.0,2.0,1.0,4.0
567.0,186,97.0,3.0,2.0,2.0
568.0,179,84.0,3.0,2.0,1.0
569.0,190,90.0,3.0,2.0,3.0
570.0,117,57.0,2.0,1.0,4.0
571.0,57,15.0,1.0,1.0,3.0
572.0,25,15.0,1.0,1.0,3.0
573.0,107,48.0,2.0,1.0,2.0
574.0,49,15.0,1.0,1.0,3.0
576.0,106,44.0,2.0,1.0,4.0
577.0,23,23.0,1.0,1.0,3.0
578.0,116,53.0,2.0,1.0,1.0
579.0,190,83.0,3.0,2.0,2.0
580.0,187,75.0,3.0,2.0,4.0
582.0,44,15.0,1.0,1.0,2.0
583.0,101,60.0,2.0,1.0,2.0
584.0,175,82.0,3.0,2.0,4.0
585.0,168,72.0,3.0,2.0,3.0
586.0,111,44.0,2.0,1.0,4.0
587.0,99,60.0,2.0,1.0,3.0
588.0,119,55.0,2.0,1.0,1.0
590.0,38,25.0,1.0,1.0,4.0
591.0,43,10.0,1.0,1.0,2.0
592.0,25,18.0,1.0,1.0,4.0
593.0,99,44.0,2.0,1.0,3.0
594.0,184,88.0,3.0,2.0,2.0
595.0,44,11.0,1.0,1.0,4.0
596.0,91,45.0,2.0,1.0,3.0
597.0,98,54.0,2.0,1.0,2.0
598.0,187,97.0,3.0,2.0,3.0
599.0,31,18.0,1.0,1.0,2.0
600.0,34,16.0,1.0,1.0,4.0
601.0,168,97.0,3.0,2.0,1.0
602.0,39,17.0,1.0,1.0,3.0
603.0,119,59.0,2.0,1.0,2.0
604.0,107,55.0,2.0,1.0,4.0
605.0,167,100.0,3.0,2.0,2.0
606.0,174,98.0,3.0,2.0,1.0
607.0,59,22.0,1.0,1.0,1.0
608.0,108,40.0,2.0,1.0,2.0
609.0,23,13.0,1.0,1.0,2.0
610.0,172,97.0,3.0,2.0,2.0
611.0,95,52.0,2.0,1.0,4.0
612.0,105,49.0,2.0,1.0,3.0
613.0,96,60.0,2.0,1.0,2.0
614.0,37,13.0,1.0,1.0,4.0
615.0,101,57.0,2.0,1.0,1.0
616.0,179,93.0,3.0,2.0,1.0
617.0,44,19.0,1.0,1.0,3.0
618.0,50,25.0,1.0,1.0,2.0
619.0,168,71.0,3.0,2.0,2.0
620.0,54,22.0,1.0,1.0,1.0
621.0,120,43.0,2.0,1.0,1.0
622.0,53,15.0,1.0,1.0,2.0
623.0,115,41.0,2.0,1.0,4.0
624.0,187,88.0,3.0,2.0,2.0
625.0,38,20.0,1.0,1.0,4.0
626.0,55,24.0,1.0,1.0,2.0
627.0,101,51.0,2.0,1.0,2.0
628.0,33,20.0,1.0,1.0,2.0
629.0,107,42.0,2.0,1.0,1.0
630.0,187,83.0,3.0,2.0,1.0
631.0,106,55.0,2.0,1.0,4.0
632.0,98,56.0,2.0,1.0,4.0
635.0,171,100.0,3.0,2.0,2.0
636.0,112,49.0,2.0,1.0,4.0
637.0,54,22.0,1.0,1.0,2.0
638.0,23,15.0,1.0,1.0,2.0
639.0,172,78.0,3.0,2.0,3.0
640.0,45,22.0,1.0,1.0,4.0
641.0,110,45.0,2.0,1.0,3.0
642.0,24,15.0,1.0,1.0,2.0
643.0,53,21.0,1.0,1.0,3.0
644.0,106,41.0,2.0,1.0,3.0
645.0,161,73.0,3.0,2.0,1.0
646.0,190,85.0,3.0,2.0,4.0
647.0,97,47.0,2.0,1.0,4.0
648.0,59,15.0,1.0,1.0,1.0
649.0,41,18.0,1.0,1.0,3.0
650.0,42,11.0,1.0,1.0,2.0
651.0,48,13.0,1.0,1.0,4.0
652.0,34,18.0,1.0,1.0,4.0
653.0,47,11.0,1.0,1.0,2.0
654.0,40,20.0,1.0,1.0,3.0
655.0,25,11.0,1.0,1.0,1.0
656.0,162,89.0,3.0,2.0,2.0
657.0,102,56.0,2.0,1.0,4.0
658.0,184,97.0,3.0,2.0,1.0
659.0,114,44.0,2.0,1.0,3.0
660.0,176,86.0,3.0,2.0,3.0
661.0,47,21.0,1.0,1.0,1.0
662.0,37,21.0,1.0,1.0,2.0
663.0,44,19.0,1.0,1.0,2.0
664.0,172,70.0,3.0,2.0,2.0
665.0,98,52.0,2.0,1.0,4.0
666.0,168,73.0,3.0,2.0,2.0
667.0,40,16.0,1.0,1.0,4.0
668.0,30,22.0,1.0,1.0,4.0
669.0,169,82.0,3.0,2.0,2.0
670.0,58,21.0,1.0,1.0,3.0
671.0,57,18.0,1.0,1.0,2.0
672.0,108,47.0,2.0,1.0,1.0
673.0,50,25.0,1.0,1.0,4.0
674.0,60,17.0,1.0,1.0,4.0
675.0,96,41.0,2.0,1.0,3.0
677.0,190,77.0,3.0,2.0,3.0
678.0,60,20.0,1.0,1.0,4.0
679.0,90,59.0,2.0,1.0,1.0
680.0,190,70.0,3.0,2.0,2.0
682.0,28,12.0,1.0,1.0,3.0
683.0,22,10.0,1.0,1.0,1.0
684.0,23,17.0,1.0,1.0,2.0
685.0,187,75.0,3.0,2.0,2.0
686.0,94,58.0,2.0,1.0,3.0
687.0,111,55.0,2.0,1.0,4.0
688.0,98,60.0,2.0,1.0,2.0
689.0,92,54.0,2.0,1.0,4.0
690.0,117,56.0,2.0,1.0,4.0
692.0,48,16.0,1.0,1.0,3.0
693.0,53,22.0,1.0,1.0,2.0
694.0,32,11.0,1.0,1.0,2.0
695.0,115,49.0,2.0,1.0,1.0
696.0,90,43.0,2.0,1.0,3.0
697.0,164,73.0,3.0,2.0,2.0
698.0,98,45.0,2.0,1.0,4.0
699.0,99,48.0,2.0,1.0,2.0
700.0,168,85.0,3.0,2.0,4.0
701.0,29,13.0,1.0,1.0,3.0
703.0,117,41.0,2.0,1.0,4.0
704.0,186,85.0,3.0,2.0,4.0
705.0,46,16.0,1.0,1.0,2.0
706.0,106,48.0,2.0,1.0,4.0
708.0,187,94.0,3.0,2.0,1.0
709.0,44,17.0,1.0,1.0,3.0
710.0,175,73.0,3.0,2.0,1.0
711.0,171,89.0,3.0,2.0,4.0
712.0,42,14.0,1.0,1.0,3.0
713.0,100,49.0,2.0,1.0,1.0
714.0,58,14.0,1.0,1.0,4.0
715.0,169,88.0,3.0,2.0,2.0
716.0,52,19.0,1.0,1.0,2.0
717.0,59,10.0,1.0,1.0,1.0
719.0,99,52.0,2.0,1.0,2.0
720.0,104,53.0,2.0,1.0,1.0
721.0,102,46.0,2.0,1.0,4.0
722.0,99,56.0,2.0,1.0,3.0
723.0,48,20.0,1.0,1.0,4.0
724.0,175,83.0,3.0,2.0,3.0
725.0,186,79.0,3.0,2.0,4.0
727.0,30,21.0,1.0,1.0,4.0
728.0,101,45.0,2.0,1.0,3.0
731.0,112,46.0,2.0,1.0,2.0
732.0,104,58.0,2.0,1.0,3.0
734.0,168,86.0,3.0,2.0,3.0
735.0,112,50.0,2.0,1.0,2.0
736.0,60,17.0,1.0,1.0,2.0
737.0,173,74.0,3.0,2.0,2.0
738.0,103,51.0,2.0,1.0,3.0
739.0,115,50.0,2.0,1.0,4.0
740.0,38,15.0,1.0,1.0,1.0
741.0,49,24.0,1.0,1.0,4.0
742.0,38,21.0,1.0,1.0,1.0
744.0,91,58.0,2.0,1.0,1.0
745.0,189,100.0,3.0,2.0,4.0
746.0,95,60.0,2.0,1.0,4.0
747.0,179,88.0,3.0,2.0,2.0
748.0,179,80.0,3.0,2.0,4.0
749.0,181,95.0,3.0,2.0,3.0
750.0,173,83.0,3.0,2.0,4.0
751.0,108,57.0,2.0,1.0,3.0
752.0,109,48.0,2.0,1.0,3.0
753.0,173,99.0,3.0,2.0,2.0
754.0,174,75.0,3.0,2.0,1.0
755.0,29,19.0,1.0,1.0,1.0
756.0,112,47.0,2.0,1.0,4.0
757.0,164,90.0,3.0,2.0,2.0
758.0,30,24.0,1.0,1.0,2.0
759.0,184,73.0,3.0,2.0,3.0
760.0,162,75.0,3.0,2.0,3.0
761.0,165,99.0,3.0,2.0,4.0
762.0,93,56.0,2.0,1.0,2.0
763.0,165,79.0,3.0,2.0,1.0
764.0,41,11.0,1.0,1.0,2.0
765.0,109,49.0,2.0,1.0,4.0
766.0,118,40.0,2.0,1.0,1.0
767.0,173,97.0,3.0,2.0,2.0
768.0,54,16.0,1.0,1.0,1.0
769.0,90,44.0,2.0,1.0,1.0
770.0,39,16.0,1.0,1.0,2.0
771.0,108,43.0,2.0,1.0,1.0
772.0,190,98.0,3.0,2.0,1.0
773.0,190,85.0,3.0,2.0,3.0
774.0,186,96.0,3.0,2.0,3.0
775.0,97,49.0,2.0,1.0,1.0
776.0,166,70.0,3.0,2.0,2.0
777.0,47,16.0,1.0,1.0,4.0
778.0,169,81.0,3.0,2.0,1.0
779.0,178,93.0,3.0,2.0,2.0
780.0,108,49.0,2.0,1.0,2.0
781.0,110,57.0,2.0,1.0,3.0
782.0,104,49.0,2.0,1.0,2.0
783.0,27,18.0,1.0,1.0,2.0
784.0,109,45.0,2.0,1.0,4.0
785.0,160,83.0,3.0,2.0,4.0
786.0,45,19.0,1.0,1.0,3.0
787.0,47,12.0,1.0,1.0,4.0
788.0,190,84.0,3.0,2.0,4.0
789.0,21,19.0,1.0,1.0,4.0
790.0,103,45.0,2.0,1.0,1.0
791.0,170,77.0,3.0,2.0,4.0
792.0,173,73.0,3.0,2.0,2.0
793.0,57,13.0,1.0,1.0,3.0
795.0,103,49.0,2.0,1.0,3.0
796.0,110,44.0,2.0,1.0,4.0
797.0,39,24.0,1.0,1.0,2.0
798.0,179,98.0,3.0,2.0,2.0
800.0,26,11.0,1.0,1.0,1.0
801.0,93,44.0,2.0,1.0,2.0
802.0,32,22.0,1.0,1.0,1.0
803.0,169,81.0,3.0,2.0,3.0
804.0,102,50.0,2.0,1.0,2.0
805.0,49,18.0,1.0,1.0,3.0
806.0,53,19.0,1.0,1.0,1.0
807.0,30,22.0,1.0,1.0,2.0
808.0,39,19.0,1.0,1.0,1.0
809.0,55,13.0,1.0,1.0,3.0
810.0,43,24.0,1.0,1.0,4.0
811.0,117,46.0,2.0,1.0,4.0
812.0,37,10.0,1.0,1.0,2.0
814.0,119,55.0,2.0,1.0,4.0
815.0,90,41.0,2.0,1.0,4.0
816.0,92,43.0,2.0,1.0,1.0
818.0,189,81.0,3.0,2.0,3.0
819.0,103,41.0,2.0,1.0,3.0
820.0,109,58.0,2.0,1.0,4.0
822.0,98,59.0,2.0,1.0,2.0
823.0,91,56.0,2.0,1.0,4.0
825.0,182,83.0,3.0,2.0,4.0
826.0,37,25.0,1.0,1.0,1.0
827.0,116,47.0,2.0,1.0,4.0
828.0,49,23.0,1.0,1.0,4.0
829.0,167,90.0,3.0,2.0,3.0
830.0,42,20.0,1.0,1.0,3.0
831.0,50,18.0,1.0,1.0,2.0
832.0,118,49.0,2.0,1.0,4.0
833.0,59,11.0,1.0,1.0,3.0
834.0,166,78.0,3.0,2.0,4.0
835.0,21,15.0,1.0,1.0,4.0
836.0,23,16.0,1.0,1.0,2.0
837.0,97,43.0,2.0,1.0,2.0
838.0,174,71.0,3.0,2.0,4.0
839.0,31,24.0,1.0,1.0,1.0
840.0,172,76.0,3.0,2.0,3.0
842.0,189,75.0,3.0,2.0,1.0
844.0,96,49.0,2.0,1.0,4.0
845.0,175,86.0,3.0,2.0,4.0
846.0,36,18.0,1.0,1.0,2.0
847.0,34,14.0,1.0,1.0,2.0
848.0,102,43.0,2.0,1.0,1.0
849.0,108,58.0,2.0,1.0,4.0
850.0,116,59.0,2.0,1.0,3.0
851.0,113,51.0,2.0,1.0,3.0
852.0,101,51.0,2.0,1.0,1.0
853.0,100,45.0,2.0,1.0,3.0
854.0,181,88.0,3.0,2.0,2.0
855.0,113,49.0,2.0,1.0,4.0
856.0,53,20.0,1.0,1.0,1.0
857.0,116,42.0,2.0,1.0,2.0
858.0,97,42.0,2.0,1.0,1.0
859.0,29,12.0,1.0,1.0,3.0
860.0,38,15.0,1.0,1.0,2.0
861.0,37,18.0,1.0,1.0,1.0
862.0,22,20.0,1.0,1.0,4.0
863.0,47,20.0,1.0,1.0,2.0
866.0,56,12.0,1.0,1.0,3.0
867.0,35,22.0,1.0,1.0,4.0
868.0,184,75.0,3.0,2.0,4.0
869.0,92,55.0,2.0,1.0,1.0
871.0,48,16.0,1.0,1.0,2.0
872.0,183,95.0,3.0,2.0,2.0
873.0,23,11.0,1.0,1.0,2.0
874.0,165,90.0,3.0,2.0,1.0
875.0,90,43.0,2.0,1.0,1.0
876.0,160,79.0,3.0,2.0,2.0
879.0,50,19.0,1.0,1.0,2.0
881.0,21,14.0,1.0,1.0,4.0
882.0,46,17.0,1.0,1.0,2.0
883.0,111,55.0,2.0,1.0,2.0
885.0,58,25.0,1.0,1.0,4.0
886.0,56,15.0,1.0,1.0,3.0
887.0,31,12.0,1.0,1.0,2.0
888.0,120,50.0,2.0,1.0,3.0
889.0,189,94.0,3.0,2.0,2.0
890.0,163,83.0,3.0,2.0,1.0
891.0,31,23.0,1.0,1.0,1.0
892.0,178,75.0,3.0,2.0,3.0
893.0,22,19.0,1.0,1.0,1.0
894.0,188,79.0,3.0,2.0,3.0
895.0,102,44.0,2.0,1.0,2.0
896.0,190,94.0,3.0,2.0,3.0
897.0,120,52.0,2.0,1.0,4.0
898.0,95,55.0,2.0,1.0,4.0
899.0,60,10.0,1.0,1.0,1.0
900.0,96,56.0,2.0,1.0,3.0
901.0,174,100.0,3.0,2.0,3.0
902.0,184,79.0,3.0,2.0,4.0
903.0,21,11.0,1.0,1.0,4.0
904.0,118,40.0,2.0,1.0,4.0
906.0,20,22.0,1.0,1.0,4.0
907.0,90,56.0,2.0,1.0,1.0
908.0,90,48.0,2.0,1.0,2.0
909.0,188,81.0,3.0,2.0,4.0
910.0,29,21.0,1.0,1.0,1.0
911.0,112,44.0,2.0,1.0,4.0
913.0,163,84.0,3.0,2.0,1.0
915.0,181,95.0,3.0,2.0,1.0
916.0,108,46.0,2.0,1.0,3.0
917.0,111,41.0,2.0,1.0,1.0
918.0,163,78.0,3.0,2.0,2.0
919.0,112,52.0,2.0,1.0,1.0
920.0,114,56.0,2.0,1.0,3.0
921.0,166,100.0,3.0,2.0,1.0
922.0,167,82.0,3.0,2.0,4.0
923.0,165,83.0,3.0,2.0,3.0
924.0,30,10.0,1.0,1.0,3.0
925.0,178,98.0,3.0,2.0,3.0
926.0,162,77.0,3.0,2.0,1.0
927.0,185,92.0,3.0,2.0,1.0
928.0,173,87.0,3.0,2.0,4.0
929.0,177,79.0,3.0,2.0,1.0
930.0,47,12.0,1.0,1.0,2.0
931.0,28,18.0,1.0,1.0,4.0
932.0,40,18.0,1.0,1.0,1.0
933.0,49,16.0,1.0,1.0,2.0
934.0,180,99.0,3.0,2.0,3.0
935.0,44,14.0,1.0,1.0,2.0
936.0,115,40.0,2.0,1.0,3.0
937.0,162,97.0,3.0,2.0,4.0
938.0,99,42.0,2.0,1.0,1.0
939.0,169,81.0,3.0,2.0,4.0
941.0,29,17.0,1.0,1.0,1.0
942.0,174,91.0,3.0,2.0,2.0
943.0,105,52.0,2.0,1.0,1.0
945.0,176,74.0,3.0,2.0,2.0
946.0,45,11.0,1.0,1.0,3.0
947.0,111,51.0,2.0,1.0,3.0
949.0,190,75.0,3.0,2.0,1.0
950.0,46,15.0,1.0,1.0,1.0
951.0,174,86.0,3.0,2.0,1.0
952.0,42,22.0,1.0,1.0,4.0
953.0,178,99.0,3.0,2.0,2.0
955.0,30,15.0,1.0,1.0,1.0
956.0,168,96.0,3.0,2.0,3.0
957.0,37,22.0,1.0,1.0,2.0
958.0,116,58.0,2.0,1.0,4.0
959.0,24,12.0,1.0,1.0,1.0
960.0,93,55.0,2.0,1.0,1.0
961.0,102,42.0,2.0,1.0,1.0
962.0,52,11.0,1.0,1.0,2.0
963.0,44,11.0,1.0,1.0,2.0
964.0,110,54.0,2.0,1.0,3.0
965.0,101,51.0,2.0,1.0,3.0
966.0,43,20.0,1.0,1.0,1.0
967.0,177,84.0,3.0,2.0,4.0
968.0,170,97.0,3.0,2.0,3.0
969.0,172,100.0,3.0,2.0,2.0
970.0,26,25.0,1.0,1.0,3.0
971.0,99,58.0,2.0,1.0,3.0
972.0,184,74.0,3.0,2.0,4.0
973.0,59,15.0,1.0,1.0,4.0
974.0,27,19.0,1.0,1.0,4.0
975.0,180,96.0,3.0,2.0,1.0
976.0,39,19.0,1.0,1.0,3.0
977.0,60,10.0,1.0,1.0,4.0
978.0,181,76.0,3.0,2.0,1.0
980.0,183,83.0,3.0,2.0,1.0
981.0,43,16.0,1.0,1.0,2.0
982.0,20,11.0,1.0,1.0,2.0
983.0,95,46.0,2.0,1.0,1.0
984.0,46,13.0,1.0,1.0,3.0
985.0,183,84.0,3.0,2.0,3.0
986.0,111,44.0,2.0,1.0,2.0
988.0,95,45.0,2.0,1.0,1.0
989.0,99,45.0,2.0,1.0,2.0
990.0,117,51.0,2.0,1.0,3.0
991.0,172,87.0,3.0,2.0,4.0
992.0,95,53.0,2.0,1.0,4.0
993.0,50,12.0,1.0,1.0,1.0
994.0,178,90.0,3.0,2.0,3.0
997.0,97,45.0,2.0,1.0,1.0
999.0,28,15.0,1.0,1.0,1.0
1000.0,114,44.0,2.0,1.0,1.0
1001.0,106,40.0,2.0,1.0,2.0
1004.0,172,70.0,3.0,2.0,4.0
1006.0,113,52.0,2.0,1.0,2.0
1007.0,44,11.0,1.0,1.0,1.0
1008.0,54,23.0,1.0,1.0,3.0
1009.0,180,80.0,3.0,2.0,3.0
1010.0,102,52.0,2.0,1.0,3.0
1011.0,118,41.0,2.0,1.0,3.0
1012.0,101,42.0,2.0,1.0,4.0
1014.0,187,96.0,3.0,2.0,4.0
1015.0,35,10.0,1.0,1.0,3.0
1016.0,34,13.0,1.0,1.0,4.0
1017.0,30,18.0,1.0,1.0,2.0
1018.0,102,43.0,2.0,1.0,2.0
1019.0,96,44.0,2.0,1.0,2.0
1021.0,115,53.0,2.0,1.0,4.0
1023.0,179,83.0,3.0,2.0,4.0
1026.0,26,18.0,1.0,1.0,3.0
1027.0,120,57.0,2.0,1.0,1.0
1028.0,103,51.0,2.0,1.0,2.0
1029.0,115,52.0,2.0,1.0,3.0
1030.0,31,21.0,1.0,1.0,2.0
1031.0,161,97.0,3.0,2.0,3.0
1032.0,185,73.0,3.0,2.0,3.0
1033.0,97,40.0,2.0,1.0,2.0
1034.0,30,13.0,1.0,1.0,3.0
1036.0,180,76.0,3.0,2.0,4.0
1037.0,35,21.0,1.0,1.0,1.0
1038.0,111,40.0,2.0,1.0,3.0
1039.0,117,45.0,2.0,1.0,1.0
1040.0,116,54.0,2.0,1.0,4.0
1041.0,60,13.0,1.0,1.0,3.0
1042.0,179,93.0,3.0,2.0,4.0
1043.0,91,58.0,2.0,1.0,2.0
1044.0,95,41.0,2.0,1.0,3.0
1045.0,48,13.0,1.0,1.0,3.0
1046.0,176,99.0,3.0,2.0,4.0
1047.0,21,14.0,1.0,1.0,1.0
1048.0,93,42.0,2.0,1.0,1.0
1049.0,24,25.0,1.0,1.0,1.0
1050.0,170,89.0,3.0,2.0,2.0
1051.0,52,13.0,1.0,1.0,3.0
1052.0,107,48.0,2.0,1.0,3.0
1053.0,177,87.0,3.0,2.0,3.0
1054.0,185,92.0,3.0,2.0,2.0
1056.0,187,80.0,3.0,2.0,1.0
1057.0,28,15.0,1.0,1.0,3.0
1058.0,94,49.0,2.0,1.0,1.0
1060.0,164,92.0,3.0,2.0,2.0
1061.0,172,99.0,3.0,2.0,1.0
1063.0,99,44.0,2.0,1.0,1.0
1064.0,99,58.0,2.0,1.0,2.0
1067.0,189,92.0,3.0,2.0,2.0
1068.0,50,14.0,1.0,1.0,3.0
1069.0,23,18.0,1.0,1.0,1.0
1071.0,120,51.0,2.0,1.0,2.0
1072.0,170,83.0,3.0,2.0,2.0
1074.0,106,56.0,2.0,1.0,2.0
1075.0,33,18.0,1.0,1.0,3.0
1076.0,165,81.0,3.0,2.0,1.0
1077.0,112,43.0,2.0,1.0,1.0
1078.0,43,13.0,1.0,1.0,1.0
1080.0,173,97.0,3.0,2.0,3.0
1081.0,37,20.0,1.0,1.0,3.0
1082.0,32,19.0,1.0,1.0,1.0
1083.0,167,90.0,3.0,2.0,4.0
1084.0,60,23.0,1.0,1.0,1.0
1085.0,113,40.0,2.0,1.0,3.0
1086.0,58,21.0,1.0,1.0,4.0
1087.0,165,81.0,3.0,2.0,2.0
1088.0,58,11.0,1.0,1.0,1.0
1089.0,168,84.0,3.0,2.0,1.0
1090.0,33,25.0,1.0,1.0,4.0
1091.0,35,22.0,1.0,1.0,3.0
1092.0,90,40.0,2.0,1.0,4.0
1093.0,95,47.0,2.0,1.0,3.0
1094.0,170,74.0,3.0,2.0,2.0
1095.0,178,78.0,3.0,2.0,2.0
1096.0,105,60.0,2.0,1.0,2.0
1097.0,48,21.0,1.0,1.0,4.0
1098.0,169,89.0,3.0,2.0,1.0
1099.0,105,48.0,2.0,1.0,2.0
1100.0,173,82.0,3.0,2.0,2.0
1101.0,104,41.0,2.0,1.0,3.0
1103.0,42,15.0,1.0,1.0,1.0
1104.0,111,51.0,2.0,1.0,4.0
1105.0,179,70.0,3.0,2.0,3.0
1106.0,50,21.0,1.0,1.0,2.0
1107.0,169,88.0,3.0,2.0,1.0
1108.0,163,82.0,3.0,2.0,1.0
1109.0,188,99.0,3.0,2.0,2.0
1110.0,171,74.0,3.0,2.0,3.0
1111.0,24,10.0,1.0,1.0,4.0
1112.0,28,21.0,1.0,1.0,1.0
1113.0,112,40.0,2.0,1.0,4.0
1114.0,171,87.0,3.0,2.0,1.0
1115.0,52,23.0,1.0,1.0,4.0
1116.0,179,72.0,3.0,2.0,2.0
1117.0,53,23.0,1.0,1.0,4.0
1118.0,36,21.0,1.0,1.0,2.0
1119.0,44,25.0,1.0,1.0,1.0
1120.0,95,50.0,2.0,1.0,2.0
1121.0,166,83.0,3.0,2.0,2.0
1122.0,48,18.0,1.0,1.0,3.0
1123.0,101,56.0,2.0,1.0,2.0
1124.0,99,45.0,2.0,1.0,3.0
1125.0,174,97.0,3.0,2.0,3.0
1126.0,104,60.0,2.0,1.0,2.0
1127.0,165,73.0,3.0,2.0,3.0
1130.0,161,86.0,3.0,2.0,4.0
1131.0,164,87.0,3.0,2.0,3.0
1133.0,113,56.0,2.0,1.0,1.0
1134.0,54,12.0,1.0,1.0,4.0
1135.0,24,16.0,1.0,1.0,1.0
1136.0,174,85.0,3.0,2.0,2.0
1137.0,160,96.0,3.0,2.0,3.0
1138.0,90,51.0,2.0,1.0,4.0
1139.0,161,79.0,3.0,2.0,3.0
1140.0,30,23.0,1.0,1.0,1.0
1141.0,162,71.0,3.0,2.0,4.0
1142.0,113,42.0,2.0,1.0,2.0
1143.0,160,88.0,3.0,2.0,4.0
1145.0,38,16.0,1.0,1.0,2.0
1146.0,39,16.0,1.0,1.0,1.0
1147.0,105,55.0,2.0,1.0,4.0
1148.0,185,97.0,3.0,2.0,1.0
1149.0,168,94.0,3.0,2.0,1.0
1150.0,115,54.0,2.0,1.0,1.0
1151.0,23,13.0,1.0,1.0,4.0
1152.0,163,94.0,3.0,2.0,1.0
1153.0,174,76.0,3.0,2.0,4.0
1155.0,90,56.0,2.0,1.0,3.0
1156.0,98,50.0,2.0,1.0,3.0
1159.0,183,98.0,3.0,2.0,1.0
1160.0,48,15.0,1.0,1.0,1.0
1161.0,44,23.0,1.0,1.0,4.0
1162.0,92,51.0,2.0,1.0,2.0
1163.0,44,25.0,1.0,1.0,4.0
1164.0,21,18.0,1.0,1.0,4.0
1165.0,174,98.0,3.0,2.0,2.0
1166.0,114,56.0,2.0,1.0,4.0
1167.0,189,77.0,3.0,2.0,3.0
1168.0,50,12.0,1.0,1.0,4.0
1169.0,40,22.0,1.0,1.0,2.0
1171.0,31,25.0,1.0,1.0,3.0
1172.0,101,50.0,2.0,1.0,4.0
1174.0,173,75.0,3.0,2.0,4.0
1175.0,45,19.0,1.0,1.0,2.0
1176.0,30,17.0,1.0,1.0,2.0
1178.0,51,23.0,1.0,1.0,1.0
1179.0,93,42.0,2.0,1.0,3.0
1180.0,55,12.0,1.0,1.0,4.0
1181.0,91,47.0,2.0,1.0,3.0
1182.0,160,74.0,3.0,2.0,4.0
1183.0,23,14.0,1.0,1.0,1.0
1184.0,32,18.0,1.0,1.0,3.0
1186.0,187,73.0,3.0,2.0,4.0
1187.0,169,81.0,3.0,2.0,2.0
1188.0,28,23.0,1.0,1.0,3.0
1189.0,162,99.0,3.0,2.0,1.0
1190.0,168,84.0,3.0,2.0,2.0
1191.0,183,81.0,3.0,2.0,1.0
1192.0,24,22.0,1.0,1.0,4.0
1194.0,105,53.0,2.0,1.0,3.0
1195.0,167,99.0,3.0,2.0,1.0
1196.0,57,24.0,1.0,1.0,1.0
1197.0,183,100.0,3.0,2.0,2.0
1198.0,32,19.0,1.0,1.0,3.0
1199.0,38,23.0,1.0,1.0,1.0
1200.0,95,53.0,2.0,1.0,2.0
1201.0,48,21.0,1.0,1.0,1.0
1202.0,20,15.0,1.0,1.0,2.0
1203.0,42,24.0,1.0,1.0,3.0
1204.0,162,83.0,3.0,2.0,3.0
1206.0,187,99.0,3.0,2.0,3.0
1207.0,175,89.0,3.0,2.0,3.0
1208.0,177,92.0,3.0,2.0,4.0
1209.0,168,93.0,3.0,2.0,2.0
1212.0,163,72.0,3.0,2.0,2.0
1213.0,113,52.0,2.0,1.0,1.0
1214.0,118,60.0,2.0,1.0,1.0
1215.0,55,11.0,1.0,1.0,1.0
1217.0,181,80.0,3.0,2.0,1.0
1218.0,96,60.0,2.0,1.0,1.0
1219.0,189,87.0,3.0,2.0,3.0
1220.0,118,53.0,2.0,1.0,3.0
1221.0,38,14.0,1.0,1.0,1.0
1223.0,182,97.0,3.0,2.0,1.0
1224.0,161,92.0,3.0,2.0,4.0
1225.0,184,91.0,3.0,2.0,3.0
1226.0,58,21.0,1.0,1.0,1.0
1227.0,37,25.0,1.0,1.0,3.0
1229.0,100,46.0,2.0,1.0,2.0
1230.0,37,23.0,1.0,1.0,2.0
1231.0,189,95.0,3.0,2.0,3.0
1232.0,51,24.0,1.0,1.0,3.0
1233.0,99,60.0,2.0,1.0,1.0
1234.0,185,75.0,3.0,2.0,2.0
1235.0,45,22.0,1.0,1.0,2.0
1236.0,105,43.0,2.0,1.0,4.0
1237.0,93,48.0,2.0,1.0,3.0
1238.0,104,57.0,2.0,1.0,2.0
1239.0,118,44.0,2.0,1.0,1.0
1240.0,181,74.0,3.0,2.0,3.0
1241.0,168,83.0,3.0,2.0,2.0
1242.0,107,45.0,2.0,1.0,3.0
1243.0,169,90.0,3.0,2.0,4.0
1244.0,184,87.0,3.0,2.0,4.0
1245.0,106,54.0,2.0,1.0,3.0
1247.0,183,75.0,3.0,2.0,2.0
1248.0,176,71.0,3.0,2.0,3.0
1249.0,106,44.0,2.0,1.0,3.0
1250.0,190,98.0,3.0,2.0,4.0
1251.0,161,83.0,3.0,2.0,4.0
1252.0,178,76.0,3.0,2.0,3.0
1253.0,51,14.0,1.0,1.0,1.0
1254.0,183,76.0,3.0,2.0,3.0
1258.0,20,10.0,1.0,1.0,1.0
1259.0,104,50.0,2.0,1.0,3.0
1260.0,170,77.0,3.0,2.0,3.0
1261.0,39,18.0,1.0,1.0,4.0
1262.0,25,19.0,1.0,1.0,4.0
1263.0,109,54.0,2.0,1.0,4.0
1264.0,33,11.0,1.0,1.0,3.0
1265.0,40,12.0,1.0,1.0,1.0
1266.0,172,73.0,3.0,2.0,2.0
1267.0,188,84.0,3.0,2.0,4.0
1268.0,51,16.0,1.0,1.0,4.0
1269.0,113,49.0,2.0,1.0,1.0
1270.0,180,93.0,3.0,2.0,2.0
1271.0,108,52.0,2.0,1.0,4.0
1272.0,186,85.0,3.0,2.0,3.0
1274.0,189,96.0,3.0,2.0,2.0
1276.0,34,18.0,1.0,1.0,1.0
1277.0,39,12.0,1.0,1.0,2.0
1279.0,48,20.0,1.0,1.0,1.0
1280.0,91,52.0,2.0,1.0,3.0
1281.0,162,100.0,3.0,2.0,4.0
1282.0,57,14.0,1.0,1.0,3.0
1283.0,102,54.0,2.0,1.0,3.0
1284.0,28,13.0,1.0,1.0,4.0
1285.0,57,20.0,1.0,1.0,4.0
1286.0,109,41.0,2.0,1.0,1.0
1287.0,182,79.0,3.0,2.0,1.0
1288.0,186,77.0,3.0,2.0,2.0
1289.0,100,44.0,2.0,1.0,2.0
1290.0,180,75.0,3.0,2.0,3.0
1291.0,181,89.0,3.0,2.0,3.0
1292.0,163,93.0,3.0,2.0,1.0
1293.0,110,54.0,2.0,1.0,1.0
1294.0,46,24.0,1.0,1.0,1.0
1295.0,170,91.0,3.0,2.0,1.0
1297.0,111,48.0,2.0,1.0,1.0
1298.0,22,17.0,1.0,1.0,4.0
1299.0,109,56.0,2.0,1.0,2.0
1300.0,172,72.0,3.0,2.0,1.0
1301.0,169,71.0,3.0,2.0,2.0
1302.0,98,50.0,2.0,1.0,4.0
1303.0,185,98.0,3.0,2.0,4.0
1304.0,162,88.0,3.0,2.0,3.0
1305.0,37,24.0,1.0,1.0,3.0
1306.0,170,93.0,3.0,2.0,4.0
1307.0,105,45.0,2.0,1.0,3.0
1308.0,100,48.0,2.0,1.0,1.0
1309.0,56,17.0,1.0,1.0,1.0
1310.0,24,14.0,1.0,1.0,2.0
1311.0,96,50.0,2.0,1.0,1.0
1312.0,37,15.0,1.0,1.0,1.0
1313.0,162,89.0,3.0,2.0,4.0
1314.0,162,100.0,3.0,2.0,2.0
1315.0,49,20.0,1.0,1.0,2.0
1316.0,111,43.0,2.0,1.0,3.0
1317.0,170,84.0,3.0,2.0,1.0
1318.0,29,15.0,1.0,1.0,1.0
1319.0,102,59.0,2.0,1.0,2.0
1320.0,46,12.0,1.0,1.0,4.0
1321.0,36,24.0,1.0,1.0,4.0
1323.0,119,59.0,2.0,1.0,4.0
1324.0,100,45.0,2.0,1.0,4.0
1325.0,118,56.0,2.0,1.0,3.0
1326.0,113,60.0,2.0,1.0,4.0
1327.0,170,81.0,3.0,2.0,1.0
1328.0,36,24.0,1.0,1.0,3.0
1330.0,101,57.0,2.0,1.0,2.0
1331.0,172,100.0,3.0,2.0,3.0
1332.0,184,99.0,3.0,2.0,3.0
1333.0,33,10.0,1.0,1.0,4.0
1334.0,45,13.0,1.0,1.0,2.0
1336.0,32,14.0,1.0,1.0,2.0
1337.0,160,92.0,3.0,2.0,4.0
1338.0,40,12.0,1.0,1.0,4.0
1341.0,40,19.0,1.0,1.0,4.0
1342.0,181,87.0,3.0,2.0,4.0
1343.0,182,86.0,3.0,2.0,2.0
1344.0,58,11.0,1.0,1.0,2.0
1345.0,176,79.0,3.0,2.0,4.0
1346.0,181,73.0,3.0,2.0,1.0
1347.0,97,49.0,2.0,1.0,3.0
1348.0,46,19.0,1.0,1.0,1.0
1349.0,38,18.0,1.0,1.0,3.0
1350.0,60,19.0,1.0,1.0,3.0
1352.0,93,44.0,2.0,1.0,4.0
1353.0,23,17.0,1.0,1.0,4.0
1354.0,170,99.0,3.0,2.0,2.0
1356.0,102,58.0,2.0,1.0,2.0
1357.0,187,97.0,3.0,2.0,4.0
1360.0,41,15.0,1.0,1.0,4.0
1361.0,102,55.0,2.0,1.0,3.0
1363.0,103,42.0,2.0,1.0,2.0
1364.0,58,10.0,1.0,1.0,1.0
1365.0,119,57.0,2.0,1.0,3.0
1366.0,56,18.0,1.0,1.0,2.0
1367.0,34,11.0,1.0,1.0,2.0
1368.0,38,18.0,1.0,1.0,2.0
1371.0,180,100.0,3.0,2.0,4.0
1372.0,93,58.0,2.0,1.0,1.0
1373.0,110,58.0,2.0,1.0,2.0
1374.0,189,98.0,3.0,2.0,2.0
1376.0,106,50.0,2.0,1.0,2.0
1377.0,101,47.0,2.0,1.0,4.0
1378.0,20,22.0,1.0,1.0,1.0
1379.0,25,10.0,1.0,1.0,1.0
1380.0,95,57.0,2.0,1.0,3.0
1381.0,176,93.0,3.0,2.0,4.0
1382.0,55,23.0,1.0,1.0,3.0
1383.0,187,85.0,3.0,2.0,2.0
1383.0,43,21.0,1.0,1.0,1.0
1384.0,171,94.0,3.0,2.0,4.0
1385.0,22,15.0,1.0,1.0,4.0
1387.0,21,24.0,1.0,1.0,1.0
1388.0,34,15.0,1.0,1.0,1.0
1389.0,90,53.0,2.0,1.0,4.0
1390.0,187,79.0,3.0,2.0,2.0
1391.0,113,53.0,2.0,1.0,4.0
1392.0,99,40.0,2.0,1.0,3.0
1393.0,50,20.0,1.0,1.0,3.0
1395.0,25,11.0,1.0,1.0,3.0
1396.0,44,10.0,1.0,1.0,3.0
1397.0,175,94.0,3.0,2.0,3.0
1398.0,103,49.0,2.0,1.0,4.0
1399.0,190,82.0,3.0,2.0,1.0
1400.0,189,93.0,3.0,2.0,1.0
1401.0,28,23.0,1.0,1.0,2.0
1402.0,26,14.0,1.0,1.0,2.0
1403.0,92,40.0,2.0,1.0,4.0
1404.0,114,56.0,2.0,1.0,2.0
1405.0,93,42.0,2.0,1.0,4.0
1406.0,28,19.0,1.0,1.0,3.0
1407.0,105,54.0,2.0,1.0,4.0
1408.0,104,49.0,2.0,1.0,3.0
1410.0,36,20.0,1.0,1.0,1.0
1411.0,94,54.0,2.0,1.0,3.0
1412.0,171,99.0,3.0,2.0,2.0
1413.0,51,23.0,1.0,1.0,4.0
1414.0,60,15.0,1.0,1.0,1.0
1415.0,182,84.0,3.0,2.0,2.0
1417.0,103,50.0,2.0,1.0,1.0
1418.0,184,98.0,3.0,2.0,2.0
1419.0,114,55.0,2.0,1.0,2.0
1420.0,168,71.0,3.0,2.0,4.0
1423.0,40,18.0,1.0,1.0,4.0
1425.0,172,99.0,3.0,2.0,3.0
1426.0,181,71.0,3.0,2.0,1.0
1427.0,166,97.0,3.0,2.0,1.0
1428.0,21,20.0,1.0,1.0,3.0
1429.0,55,11.0,1.0,1.0,3.0
1430.0,187,84.0,3.0,2.0,3.0
1431.0,59,16.0,1.0,1.0,2.0
1432.0,93,47.0,2.0,1.0,1.0
1433.0,166,75.0,3.0,2.0,3.0
1434.0,94,43.0,2.0,1.0,4.0
1435.0,185,81.0,3.0,2.0,2.0
1436.0,173,94.0,3.0,2.0,4.0
1437.0,120,45.0,2.0,1.0,1.0
1438.0,117,55.0,2.0,1.0,4.0
1440.0,32,16.0,1.0,1.0,4.0
1441.0,176,94.0,3.0,2.0,4.0
1442.0,57,14.0,1.0,1.0,2.0
1443.0,177,89.0,3.0,2.0,2.0
1444.0,167,96.0,3.0,2.0,4.0
1446.0,90,54.0,2.0,1.0,3.0
1447.0,25,16.0,1.0,1.0,3.0
1448.0,108,54.0,2.0,1.0,4.0
1449.0,98,45.0,2.0,1.0,2.0
1450.0,90,45.0,2.0,1.0,2.0
1451.0,108,45.0,2.0,1.0,1.0
1452.0,56,16.0,1.0,1.0,3.0
1454.0,20,20.0,1.0,1.0,3.0
1455.0,35,14.0,1.0,1.0,1.0
1456.0,108,52.0,2.0,1.0,3.0
1457.0,41,17.0,1.0,1.0,1.0
1458.0,186,78.0,3.0,2.0,2.0
1460.0,99,48.0,2.0,1.0,3.0
1461.0,103,40.0,2.0,1.0,1.0
1462.0,161,91.0,3.0,2.0,1.0
1463.0,20,21.0,1.0,1.0,1.0
1464.0,57,19.0,1.0,1.0,1.0
1465.0,103,57.0,2.0,1.0,4.0
1467.0,52,10.0,1.0,1.0,4.0
1468.0,182,83.0,3.0,2.0,1.0
1469.0,28,12.0,1.0,1.0,1.0
1470.0,181,94.0,3.0,2.0,2.0
1472.0,49,19.0,1.0,1.0,4.0
1473.0,162,94.0,3.0,2.0,3.0
1474.0,112,58.0,2.0,1.0,3.0
1475.0,113,56.0,2.0,1.0,4.0
1477.0,31,23.0,1.0,1.0,2.0
1478.0,115,56.0,2.0,1.0,4.0
1479.0,109,52.0,2.0,1.0,1.0
1480.0,110,47.0,2.0,1.0,1.0
1481.0,92,60.0,2.0,1.0,3.0
1482.0,189,100.0,3.0,2.0,3.0
1483.0,29,14.0,1.0,1.0,4.0
1484.0,99,59.0,2.0,1.0,2.0
1485.0,113,55.0,2.0,1.0,3.0
1486.0,44,24.0,1.0,1.0,4.0
1487.0,187,83.0,3.0,2.0,3.0
1488.0,95,51.0,2.0,1.0,2.0
1489.0,113,49.0,2.0,1.0,3.0
1490.0,108,57.0,2.0,1.0,4.0
1491.0,60,25.0,1.0,1.0,1.0
1493.0,28,12.0,1.0,1.0,2.0
1494.0,29,20.0,1.0,1.0,2.0
1495.0,166,86.0,3.0,2.0,2.0
1496.0,105,48.0,2.0,1.0,1.0
1497.0,177,99.0,3.0,2.0,4.0
1498.0,120,40.0,2.0,1.0,1.0
1499.0,45,24.0,1.0,1.0,1.0
